Workbook

Sheet Summary
A1: Driver Complaint Analysis — Week 39 (21–27 Sep 2026)
A2: Source: Driver_complaint_W39.xlsx (Sheet5, 498 rows). All figures below are live formulas on the "Cases" sheet.
A4: Headline KPIs | I4: Key findings & recommendations
A5: Total cases | B5: =COUNTA(Cases!$B$2:$B$499) | I5: 1. Fake Fail dominates: 341 of 498 cases (68%). Fake Success (58) and Wrong Address (55) follow — together these three are 91% of complaints.
A6: Unique TIDs | B6: =COUNTA('Metabase Lookup'!A2:A480)
A7: Fake Fail share | B7: =COUNTIF(Cases!$N$2:$N$499,"Fake Fail")/B5
A8: Driver not identified (OPS account) | B8: =COUNTIF(Cases!$J$2:$J$499,"OPS (generic hub account)")/B5 | I8: 2. The call is the weak point: 238 Fake Fails (70%) fail on call evidence — no call log, call not connected / <3 attempts, wrong number, or an invalid call log. Only 29 fail on location alone, though 103 (30%) also have a bad location/site photo.
A9: TIDs logged 2+ times | B9: =COUNTIF('Metabase Lookup'!G2:G480,">1")
A10: Hubs with complaints | B10: =COUNTA('Hub Scorecard'!B5:B107)
A11: Cases with prior tag (Metabase) | B11: =IF(COUNTIF(Cases!$Y$2:$Y$499,"Pending")=B5,"Pending sync",COUNTIF(Cases!$Y$2:$Y$499,"Yes")) | C11: ← fills in once Metabase results are pasted into "Metabase Lookup" | I11: 3. Half the cases can't be pinned on a driver: 236 (47%) were filed against a generic hub OPS account (e.g. OPS - PJY, GLG - OPS - ENGKU). PJY's 29 cases are 100% Fake Fail and all under 'OPS - PJY' — this looks like hub-level bulk failing, not individual drivers.
A12: Prior-tag rate | B12: =IF(ISNUMBER(B11),B11/(B5-COUNTIF(Cases!$Y$2:$Y$499,"Pending")),"Pending sync")
A14: Complaints by type | E14: Fake Fail root cause (from details text) | I14: 4. Concentrated in a few hubs: the top 5 hubs (PJY 29, GLG 25, KEM 24, OUG 24, BTR 23) account for 25% of cases across 103 hubs. Klang Valley (40%) and Southern (31%) make up 71%.
A15: Complaint Type | B15: Cases | C15: % of Total | E15: Root Cause | F15: Cases | G15: % of Fake Fail
A16: Fake Fail | B16: =COUNTIF(Cases!$N$2:$N$499,A16) | C16: =B16/SUM(B$16:B$25) | E16: No call / call log missing | F16: =COUNTIF(Cases!$O$2:$O$499,E16) | G16: =F16/SUM(F$16:F$24)
A17: Fake Success | B17: =COUNTIF(Cases!$N$2:$N$499,A17) | C17: =B17/SUM(B$16:B$25) | E17: Call not connected / no response | F17: =COUNTIF(Cases!$O$2:$O$499,E17) | G17: =F17/SUM(F$16:F$24) | I17: 5. Repeat parcels: 17 TIDs were logged 2+ times (36 rows). Some are double entries minutes apart; others (e.g. WNJMY00006942908, logged 4× as Fake Fail + POR) show the first complaint did not fix the parcel.
A18: Deliver to Wrong Address | B18: =COUNTIF(Cases!$N$2:$N$499,A18) | C18: =B18/SUM(B$16:B$25) | E18: Invalid POD (no detail) | F18: =COUNTIF(Cases!$O$2:$O$499,E18) | G18: =F18/SUM(F$16:F$24)
A19: Pull Out Route (POR) | B19: =COUNTIF(Cases!$N$2:$N$499,A19) | C19: =B19/SUM(B$16:B$25) | E19: Wrong number called | F19: =COUNTIF(Cases!$O$2:$O$499,E19) | G19: =F19/SUM(F$16:F$24)
A20: Failed pick-up | B20: =COUNTIF(Cases!$N$2:$N$499,A20) | C20: =B20/SUM(B$16:B$25) | E20: Invalid call log (unspecified) | F20: =COUNTIF(Cases!$O$2:$O$499,E20) | G20: =F20/SUM(F$16:F$24) | I20: 6. Repeat drivers: 34 named drivers have 2+ complaints; BKW - ID - KENNETH leads with 7, then BTR - ID - KHAIRAN (4). See Driver Watchlist.
A21: Parcel Dumping | B21: =COUNTIF(Cases!$N$2:$N$499,A21) | C21: =B21/SUM(B$16:B$25) | E21: Invalid location / site photo | F21: =COUNTIF(Cases!$O$2:$O$499,E21) | G21: =F21/SUM(F$16:F$24)
A22: Lost Item | B22: =COUNTIF(Cases!$N$2:$N$499,A22) | C22: =B22/SUM(B$16:B$25) | E22: Customer disputes attempt | F22: =COUNTIF(Cases!$O$2:$O$499,E22) | G22: =F22/SUM(F$16:F$24)
A23: CMI (Can't Make It) | B23: =COUNTIF(Cases!$N$2:$N$499,A23) | C23: =B23/SUM(B$16:B$25) | E23: Recycled / manipulated POD | F23: =COUNTIF(Cases!$O$2:$O$499,E23) | G23: =F23/SUM(F$16:F$24) | I23: 7. Volume is front-loaded: Monday 21 Sep had 114 cases (backlog from the weekend), declining to 55 on Saturday.
A24: Rude Behavior | B24: =COUNTIF(Cases!$N$2:$N$499,A24) | C24: =B24/SUM(B$16:B$25) | E24: Type mismatch (detail not Fake Fail) | F24: =COUNTIF(Cases!$O$2:$O$499,E24) | G24: =F24/SUM(F$16:F$24)
A25: COD Related | B25: =COUNTIF(Cases!$N$2:$N$499,A25) | C25: =B25/SUM(B$16:B$25)
I26: 8. Recommended actions: (a) require the actual driver name — lookup by Route ID — instead of OPS accounts; (b) enforce the POD standard (3 connected call attempts at different times, customer's own number, identifiable site photo) at hub level, starting with PJY, GLG, KEM, OUG, BTR; (c) audit OPS bulk-fail practice at PJY/NSJ/KEM; (d) coach/escalate Watchlist drivers; (e) convert free-text form fields to dropdowns (see Data Quality).
A27: Complaints by region | E27: Who the complaint was filed against
A28: Region | B28: Cases | C28: % of Total | E28: Driver Account Type | F28: Cases | G28: % of Total
A29: KV | B29: =COUNTIF(Cases!$G$2:$G$499,A29) | C29: =B29/SUM(B$29:B$36) | E29: OPS (generic hub account) | F29: =COUNTIF(Cases!$J$2:$J$499,E29) | G29: =F29/SUM(F$29:F$37) | I29: 9. Metabase prior-tag and Global ID are pending: the Metabase account used had no database access. Paste the query results into 'Metabase Lookup' and KPIs B11:B12 fill in automatically (see How to Sync).
A30: Southern | B30: =COUNTIF(Cases!$G$2:$G$499,A30) | C30: =B30/SUM(B$29:B$36) | E30: ID (named driver) | F30: =COUNTIF(Cases!$J$2:$J$499,E30) | G30: =F30/SUM(F$29:F$37)
A31: Northern | B31: =COUNTIF(Cases!$G$2:$G$499,A31) | C31: =B31/SUM(B$29:B$36) | E31: Name only (no hub/code) | F31: =COUNTIF(Cases!$J$2:$J$499,E31) | G31: =F31/SUM(F$29:F$37)
A32: East MY | B32: =COUNTIF(Cases!$G$2:$G$499,A32) | C32: =B32/SUM(B$29:B$36) | E32: Multiple drivers | F32: =COUNTIF(Cases!$J$2:$J$499,E32) | G32: =F32/SUM(F$29:F$37)
A33: North West | B33: =COUNTIF(Cases!$G$2:$G$499,A33) | C33: =B33/SUM(B$29:B$36) | E33: HR (named) | F33: =COUNTIF(Cases!$J$2:$J$499,E33) | G33: =F33/SUM(F$29:F$37)
A34: South West | B34: =COUNTIF(Cases!$G$2:$G$499,A34) | C34: =B34/SUM(B$29:B$36) | E34: HD (named) | F34: =COUNTIF(Cases!$J$2:$J$499,E34) | G34: =F34/SUM(F$29:F$37)
A35: North East | B35: =COUNTIF(Cases!$G$2:$G$499,A35) | C35: =B35/SUM(B$29:B$36) | E35: FM (first-mile) | F35: =COUNTIF(Cases!$J$2:$J$499,E35) | G35: =F35/SUM(F$29:F$37)
A36: Eastern | B36: =COUNTIF(Cases!$G$2:$G$499,A36) | C36: =B36/SUM(B$29:B$36) | E36: IR (named) | F36: =COUNTIF(Cases!$J$2:$J$499,E36) | G36: =F36/SUM(F$29:F$37)
E37: Other coded | F37: =COUNTIF(Cases!$J$2:$J$499,E37) | G37: =F37/SUM(F$29:F$37)
A39: Daily trend (date logged) | E39: Cases keyed in by agent
A40: Date | B40: Cases | C40: % of Total | E40: Agent | F40: Cases | G40: % of Total
A41: 46286 | B41: =COUNTIF(Cases!$E$2:$E$499,A41) | C41: =B41/SUM(B$41:B$47) | E41: Putri | F41: =COUNTIF(Cases!$S$2:$S$499,E41) | G41: =F41/SUM(F$41:F$59)
A42: 46287 | B42: =COUNTIF(Cases!$E$2:$E$499,A42) | C42: =B42/SUM(B$41:B$47) | E42: Zati | F42: =COUNTIF(Cases!$S$2:$S$499,E42) | G42: =F42/SUM(F$41:F$59)
A43: 46288 | B43: =COUNTIF(Cases!$E$2:$E$499,A43) | C43: =B43/SUM(B$41:B$47) | E43: Naveen | F43: =COUNTIF(Cases!$S$2:$S$499,E43) | G43: =F43/SUM(F$41:F$59)
A44: 46289 | B44: =COUNTIF(Cases!$E$2:$E$499,A44) | C44: =B44/SUM(B$41:B$47) | E44: Aimenn Aiyad | F44: =COUNTIF(Cases!$S$2:$S$499,E44) | G44: =F44/SUM(F$41:F$59)
A45: 46290 | B45: =COUNTIF(Cases!$E$2:$E$499,A45) | C45: =B45/SUM(B$41:B$47) | E45: Yana | F45: =COUNTIF(Cases!$S$2:$S$499,E45) | G45: =F45/SUM(F$41:F$59)
A46: 46291 | B46: =COUNTIF(Cases!$E$2:$E$499,A46) | C46: =B46/SUM(B$41:B$47) | E46: Izzni | F46: =COUNTIF(Cases!$S$2:$S$499,E46) | G46: =F46/SUM(F$41:F$59)
A47: 46292 | B47: =COUNTIF(Cases!$E$2:$E$499,A47) | C47: =B47/SUM(B$41:B$47) | E47: Huzair | F47: =COUNTIF(Cases!$S$2:$S$499,E47) | G47: =F47/SUM(F$41:F$59)
E48: Syaza | F48: =COUNTIF(Cases!$S$2:$S$499,E48) | G48: =F48/SUM(F$41:F$59)
E49: Syak | F49: =COUNTIF(Cases!$S$2:$S$499,E49) | G49: =F49/SUM(F$41:F$59)
E50: Syafiq | F50: =COUNTIF(Cases!$S$2:$S$499,E50) | G50: =F50/SUM(F$41:F$59)
E51: Hartini | F51: =COUNTIF(Cases!$S$2:$S$499,E51) | G51: =F51/SUM(F$41:F$59)
E52: Ninja Hadif | F52: =COUNTIF(Cases!$S$2:$S$499,E52) | G52: =F52/SUM(F$41:F$59)
E53: Abdul | F53: =COUNTIF(Cases!$S$2:$S$499,E53) | G53: =F53/SUM(F$41:F$59)
E54: Daus | F54: =COUNTIF(Cases!$S$2:$S$499,E54) | G54: =F54/SUM(F$41:F$59)
E55: Amir | F55: =COUNTIF(Cases!$S$2:$S$499,E55) | G55: =F55/SUM(F$41:F$59)
E56: Wani | F56: =COUNTIF(Cases!$S$2:$S$499,E56) | G56: =F56/SUM(F$41:F$59)
E57: Zakwan | F57: =COUNTIF(Cases!$S$2:$S$499,E57) | G57: =F57/SUM(F$41:F$59)
E58: Adid | F58: =COUNTIF(Cases!$S$2:$S$499,E58) | G58: =F58/SUM(F$41:F$59)
E59: Shafiq | F59: =COUNTIF(Cases!$S$2:$S$499,E59) | G59: =F59/SUM(F$41:F$59)
A61: Fake Fail evidence gaps
A62: Measure | B62: Cases | C62: % of Fake Fail
A63: Location / site photo also invalid | B63: =COUNTIF(Cases!$P$2:$P$499,"Yes") | C63: =B63/COUNTIF(Cases!$N$2:$N$499,"Fake Fail")
A64: Failed under an OPS account | B64: =COUNTIF(Cases!$Q$2:$Q$499,"Yes") | C64: =B64/COUNTIF(Cases!$N$2:$N$499,"Fake Fail")
A65: Fake Fail with multiple routes (re-attempted & failed again) | B65: =COUNTIFS(Cases!$N$2:$N$499,"Fake Fail",Cases!$L$2:$L$499,">1") | C65: =B65/COUNTIF(Cases!$N$2:$N$499,"Fake Fail")

Sheet Cases
A1: Case # | B1: Tracking ID | C1: CRM Case ID | D1: Logged At | E1: Date | F1: Day | G1: Region | H1: Hub | I1: Driver(s) | J1: Driver Account Type | K1: Route ID(s) | L1: # Routes | M1: Driver Type | N1: Complaint Type | O1: Fake Fail Root Cause | P1: Location Evidence Issue | Q1: Failed by OPS | R1: Complaint Details | S1: Keyed In By | T1: Times TID Logged (W39) | U1: Driver Complaints (W39) | V1: Global ID | W1: Prior Tag Count | X1: Prior Tags | Y1: Has Prior Tag? | Z1: Data Quality Flags
A2: 1 | B2: TNGE126027128651727000 | C2: 262162627794 | D2: 46286.394 | E2: 46286 | F2: Mon | G2: KV | H2: WMJ | I2: WMJ - ID - MUHAMMAD EFENDY | J2: ID (named driver) | K2: 91838155 | L2: 1 | M2: LM | N2: Fake Success | R2: The driver delivered the parcel after the customer made complaint | S2: Naveen | T2: =COUNTIF($B$2:$B$499,B2) | U2: =COUNTIF($I$2:$I$499,I2) | V2: =IF(ISNA(MATCH(B2,'Metabase Lookup'!$A:$A,0)),"Not found",IF(INDEX('Metabase Lookup'!$B:$B,MATCH(B2,'Metabase Lookup'!$A:$A,0))="","Pending",INDEX('Metabase Lookup'!$B:$B,MATCH(B2,'Metabase Lookup'!$A:$A,0)))) | W2: =IF(ISNA(MATCH(B2,'Metabase Lookup'!$A:$A,0)),"Not found",IF(INDEX('Metabase Lookup'!$C:$C,MATCH(B2,'Metabase Lookup'!$A:$A,0))="","Pending",INDEX('Metabase Lookup'!$C:$C,MATCH(B2,'Metabase Lookup'!$A:$A,0)))) | X2: =IF(ISNA(MATCH(B2,'Metabase Lookup'!$A:$A,0)),"",IF(INDEX('Metabase Lookup'!$D:$D,MATCH(B2,'Metabase Lookup'!$A:$A,0))="","",INDEX('Metabase Lookup'!$D:$D,MATCH(B2,'Metabase Lookup'!$A:$A,0)))) | Y2: =IF(ISNUMBER(W2),IF(W2>0,"Yes","No"),"Pending")
A3: 2 | B3: ZMP299487945-2851 | C3: 260912621851 | D3: 46286.403 | E3: 46286 | F3: Mon | G3: Southern | H3: KLI | I3: KLI - ID - NURIZZAH | J3: ID (named driver) | K3: 91832320 | L3: 1 | M3: LM | N3: Fake Success | R3: The driver delivered the parcel after the customer made complaint | S3: Naveen | T3: =COUNTIF($B$2:$B$499,B3) | U3: =COUNTIF($I$2:$I$499,I3) | V3: =IF(ISNA(MATCH(B3,'Metabase Lookup'!$A:$A,0)),"Not found",IF(INDEX('Metabase Lookup'!$B:$B,MATCH(B3,'Metabase Lookup'!$A:$A,0))="","Pending",INDEX('Metabase Lookup'!$B:$B,MATCH(B3,'Metabase Lookup'!$A:$A,0)))) | W3: =IF(ISNA(MATCH(B3,'Metabase Lookup'!$A:$A,0)),"Not found",IF(INDEX('Metabase Lookup'!$C:$C,MATCH(B3,'Metabase Lookup'!$A:$A,0))="","Pending",INDEX('Metabase Lookup'!$C:$C,MATCH(B3,'Metabase Lookup'!$A:$A,0)))) | X3: =IF(ISNA(MATCH(B3,'Metabase Lookup'!$A:$A,0)),"",IF(INDEX('Metabase Lookup'!$D:$D,MATCH(B3,'Metabase Lookup'!$A:$A,0))="","",INDEX('Metabase Lookup'!$D:$D,MATCH(B3,'Metabase Lookup'!$A:$A,0)))) | Y3: =IF(ISNUMBER(W3),IF(W3>0,"Yes","No"),"Pending") | Z3: TID had stray spaces/line breaks (cleaned)
A4: 3 | B4: TNGE126027145702566000 | C4: 268162624947 | D4: 46286.404 | E4: 46286 | F4: Mon | G4: Southern | H4: KLI | I4: KLI - ID - NURULAZIERAH | J4: ID (named driver) | K4: 91840248 | L4: 1 | M4: LM | N4: Deliver to Wrong Address | R4: the driver delivered the parcel to wrong address instead of customers address | S4: Naveen | T4: =COUNTIF($B$2:$B$499,B4) | U4: =COUNTIF($I$2:$I$499,I4) | V4: =IF(ISNA(MATCH(B4,'Metabase Lookup'!$A:$A,0)),"Not found",IF(INDEX('Metabase Lookup'!$B:$B,MATCH(B4,'Metabase Lookup'!$A:$A,0))="","Pending",INDEX('Metabase Lookup'!$B:$B,MATCH(B4,'Metabase Lookup'!$A:$A,0)))) | W4: =IF(ISNA(MATCH(B4,'Metabase Lookup'!$A:$A,0)),"Not found",IF(INDEX('Metabase Lookup'!$C:$C,MATCH(B4,'Metabase Lookup'!$A:$A,0))="","Pending",INDEX('Metabase Lookup'!$C:$C,MATCH(B4,'Metabase Lookup'!$A:$A,0)))) | X4: =IF(ISNA(MATCH(B4,'Metabase Lookup'!$A:$A,0)),"",IF(INDEX('Metabase Lookup'!$D:$D,MATCH(B4,'Metabase Lookup'!$A:$A,0))="","",INDEX('Metabase Lookup'!$D:$D,MATCH(B4,'Metabase Lookup'!$A:$A,0)))) | Y4: =IF(ISNUMBER(W4),IF(W4>0,"Yes","No"),"Pending")
A5: 4 | B5: NVIDSPMLL000000202 | C5: 267822638198 | D5: 46286.405 | E5: 46286 | F5: Mon | G5: Northern | H5: BKM | I5: BKM - ID - FIKRI | J5: ID (named driver) | K5: 91851116 | L5: 1 | M5: LM | N5: Fake Fail | O5: Wrong number called | P5: No | Q5: No | R5: invalid POD. No contact number show in the whatapps attachment | S5: Hartini | T5: =COUNTIF($B$2:$B$499,B5) | U5: =COUNTIF($I$2:$I$499,I5) | V5: =IF(ISNA(MATCH(B5,'Metabase Lookup'!$A:$A,0)),"Not found",IF(INDEX('Metabase Lookup'!$B:$B,MATCH(B5,'Metabase Lookup'!$A:$A,0))="","Pending",INDEX('Metabase Lookup'!$B:$B,MATCH(B5,'Metabase Lookup'!$A:$A,0)))) | W5: =IF(ISNA(MATCH(B5,'Metabase Lookup'!$A:$A,0)),"Not found",IF(INDEX('Metabase Lookup'!$C:$C,MATCH(B5,'Metabase Lookup'!$A:$A,0))="","Pending",INDEX('Metabase Lookup'!$C:$C,MATCH(B5,'Metabase Lookup'!$A:$A,0)))) | X5: =IF(ISNA(MATCH(B5,'Metabase Lookup'!$A:$A,0)),"",IF(INDEX('Metabase Lookup'!$D:$D,MATCH(B5,'Metabase Lookup'!$A:$A,0))="","",INDEX('Metabase Lookup'!$D:$D,MATCH(B5,'Metabase Lookup'!$A:$A,0)))) | Y5: =IF(ISNUMBER(W5),IF(W5>0,"Yes","No"),"Pending")
A6: 5 | B6: TNGDV2609146889176270 | C6: 260932628324 | D6: 46286.412 | E6: 46286 | F6: Mon | G6: KV | H6: PCK | I6: PCK - ID - AFIQAH MADZLIN | J6: ID (named driver) | K6: 91829537 | L6: 1 | M6: LM | N6: Deliver to Wrong Address | R6: the driver delivered the parcel to wrong address instead of customers address | S6: Naveen | T6: =COUNTIF($B$2:$B$499,B6) | U6: =COUNTIF($I$2:$I$499,I6) | V6: =IF(ISNA(MATCH(B6,'Metabase Lookup'!$A:$A,0)),"Not found",IF(INDEX('Metabase Lookup'!$B:$B,MATCH(B6,'Metabase Lookup'!$A:$A,0))="","Pending",INDEX('Metabase Lookup'!$B:$B,MATCH(B6,'Metabase Lookup'!$A:$A,0)))) | W6: =IF(ISNA(MATCH(B6,'Metabase Lookup'!$A:$A,0)),"Not found",IF(INDEX('Metabase Lookup'!$C:$C,MATCH(B6,'Metabase Lookup'!$A:$A,0))="","Pending",INDEX('Metabase Lookup'!$C:$C,MATCH(B6,'Metabase Lookup'!$A:$A,0)))) | X6: =IF(ISNA(MATCH(B6,'Metabase Lookup'!$A:$A,0)),"",IF(INDEX('Metabase Lookup'!$D:$D,MATCH(B6,'Metabase Lookup'!$A:$A,0))="","",INDEX('Metabase Lookup'!$D:$D,MATCH(B6,'Metabase Lookup'!$A:$A,0)))) | Y6: =IF(ISNUMBER(W6),IF(W6>0,"Yes","No"),"Pending")
A7: 6 | B7: FAEYE1546375134655770624 | C7: 264842649115 | D7: 46286.416 | E7: 46286 | F7: Mon | G7: Northern | H7: BTS | I7: BTS - OPS - PINANG TUNGGAL | J7: OPS (generic hub account) | K7: 91845173 | L7: 1 | M7: LM | N7: Fake Fail | O7: Wrong number called | P7: No | Q7: No | R7: Wrong customer phone number in the POD | S7: Daus | T7: =COUNTIF($B$2:$B$499,B7) | U7: =COUNTIF($I$2:$I$499,I7) | V7: =IF(ISNA(MATCH(B7,'Metabase Lookup'!$A:$A,0)),"Not found",IF(INDEX('Metabase Lookup'!$B:$B,MATCH(B7,'Metabase Lookup'!$A:$A,0))="","Pending",INDEX('Metabase Lookup'!$B:$B,MATCH(B7,'Metabase Lookup'!$A:$A,0)))) | W7: =IF(ISNA(MATCH(B7,'Metabase Lookup'!$A:$A,0)),"Not found",IF(INDEX('Metabase Lookup'!$C:$C,MATCH(B7,'Metabase Lookup'!$A:$A,0))="","Pending",INDEX('Metabase Lookup'!$C:$C,MATCH(B7,'Metabase Lookup'!$A:$A,0)))) | X7: =IF(ISNA(MATCH(B7,'Metabase Lookup'!$A:$A,0)),"",IF(INDEX('Metabase Lookup'!$D:$D,MATCH(B7,'Metabase Lookup'!$A:$A,0))="","",INDEX('Metabase Lookup'!$D:$D,MATCH(B7,'Metabase Lookup'!$A:$A,0)))) | Y7: =IF(ISNUMBER(W7),IF(W7>0,"Yes","No"),"Pending") | Z7: Driver not identified (OPS account)
A8: 7 | B8: NVMYSOUPE000000897 | C8: 260062621768 | D8: 46286.417 | E8: 46286 | F8: Mon | G8: Northern | H8: SPT | I8: SPT - ID - NORHAZANI | J8: ID (named driver) | K8: 91833029 | L8: 1 | M8: LM | N8: Deliver to Wrong Address | R8: the driver delivered the parcel to wrong address instead of customers address | S8: Naveen | T8: =COUNTIF($B$2:$B$499,B8) | U8: =COUNTIF($I$2:$I$499,I8) | V8: =IF(ISNA(MATCH(B8,'Metabase Lookup'!$A:$A,0)),"Not found",IF(INDEX('Metabase Lookup'!$B:$B,MATCH(B8,'Metabase Lookup'!$A:$A,0))="","Pending",INDEX('Metabase Lookup'!$B:$B,MATCH(B8,'Metabase Lookup'!$A:$A,0)))) | W8: =IF(ISNA(MATCH(B8,'Metabase Lookup'!$A:$A,0)),"Not found",IF(INDEX('Metabase Lookup'!$C:$C,MATCH(B8,'Metabase Lookup'!$A:$A,0))="","Pending",INDEX('Metabase Lookup'!$C:$C,MATCH(B8,'Metabase Lookup'!$A:$A,0)))) | X8: =IF(ISNA(MATCH(B8,'Metabase Lookup'!$A:$A,0)),"",IF(INDEX('Metabase Lookup'!$D:$D,MATCH(B8,'Metabase Lookup'!$A:$A,0))="","",INDEX('Metabase Lookup'!$D:$D,MATCH(B8,'Metabase Lookup'!$A:$A,0)))) | Y8: =IF(ISNUMBER(W8),IF(W8>0,"Yes","No"),"Pending")
A9: 8 | B9: TESMX1550062495809400832 | C9: 266782640335 | D9: 46286.419 | E9: 46286 | F9: Mon | G9: Southern | H9: GMR | I9: GMR - ID - HAMID | GMR - ID - NAJIHAH | J9: Multiple drivers | K9: 91841554, 91848717 | L9: 2 | M9: LM | N9: Fake Fail | O9: Recycled / manipulated POD | P9: No | Q9: No | R9: Driver manipulated POD, using same POD | S9: Syak | T9: =COUNTIF($B$2:$B$499,B9) | U9: =COUNTIF($I$2:$I$499,I9) | V9: =IF(ISNA(MATCH(B9,'Metabase Lookup'!$A:$A,0)),"Not found",IF(INDEX('Metabase Lookup'!$B:$B,MATCH(B9,'Metabase Lookup'!$A:$A,0))="","Pending",INDEX('Metabase Lookup'!$B:$B,MATCH(B9,'Metabase Lookup'!$A:$A,0)))) | W9: =IF(ISNA(MATCH(B9,'Metabase Lookup'!$A:$A,0)),"Not found",IF(INDEX('Metabase Lookup'!$C:$C,MATCH(B9,'Metabase Lookup'!$A:$A,0))="","Pending",INDEX('Metabase Lookup'!$C:$C,MATCH(B9,'Metabase Lookup'!$A:$A,0)))) | X9: =IF(ISNA(MATCH(B9,'Metabase Lookup'!$A:$A,0)),"",IF(INDEX('Metabase Lookup'!$D:$D,MATCH(B9,'Metabase Lookup'!$A:$A,0))="","",INDEX('Metabase Lookup'!$D:$D,MATCH(B9,'Metabase Lookup'!$A:$A,0)))) | Y9: =IF(ISNUMBER(W9),IF(W9>0,"Yes","No"),"Pending") | Z9: Multiple drivers in one row; Multiple route IDs
A10: 9 | B10: TNGSB125896319766994000 | C10: 268122622312 | D10: 46286.432 | E10: 46286 | F10: Mon | G10: Southern | H10: LKN | I10: LKN - ID - OPS | J10: OPS (generic hub account) | K10: 91835040 | L10: 1 | M10: LM | N10: Fake Fail | O10: No call / call log missing | P10: No | Q10: No | R10: driver attach invalid pod and no call log attach | S10: Zati | T10: =COUNTIF($B$2:$B$499,B10) | U10: =COUNTIF($I$2:$I$499,I10) | V10: =IF(ISNA(MATCH(B10,'Metabase Lookup'!$A:$A,0)),"Not found",IF(INDEX('Metabase Lookup'!$B:$B,MATCH(B10,'Metabase Lookup'!$A:$A,0))="","Pending",INDEX('Metabase Lookup'!$B:$B,MATCH(B10,'Metabase Lookup'!$A:$A,0)))) | W10: =IF(ISNA(MATCH(B10,'Metabase Lookup'!$A:$A,0)),"Not found",IF(INDEX('Metabase Lookup'!$C:$C,MATCH(B10,'Metabase Lookup'!$A:$A,0))="","Pending",INDEX('Metabase Lookup'!$C:$C,MATCH(B10,'Metabase Lookup'!$A:$A,0)))) | X10: =IF(ISNA(MATCH(B10,'Metabase Lookup'!$A:$A,0)),"",IF(INDEX('Metabase Lookup'!$D:$D,MATCH(B10,'Metabase Lookup'!$A:$A,0))="","",INDEX('Metabase Lookup'!$D:$D,MATCH(B10,'Metabase Lookup'!$A:$A,0)))) | Y10: =IF(ISNUMBER(W10),IF(W10>0,"Yes","No"),"Pending") | Z10: Driver not identified (OPS account)
A11: 10 | B11: NVMYTRADE014219299 | C11: 260932629751 | D11: 46286.435 | E11: 46286 | F11: Mon | G11: North West | H11: SAR | I11: SAR - OPS - ROUTE OPS | J11: OPS (generic hub account) | K11: 91827333 | L11: 1 | M11: LM | N11: Fake Fail | O11: Invalid location / site photo | P11: Yes | Q11: No | R11: driver attach wrong location | S11: Zati | T11: =COUNTIF($B$2:$B$499,B11) | U11: =COUNTIF($I$2:$I$499,I11) | V11: =IF(ISNA(MATCH(B11,'Metabase Lookup'!$A:$A,0)),"Not found",IF(INDEX('Metabase Lookup'!$B:$B,MATCH(B11,'Metabase Lookup'!$A:$A,0))="","Pending",INDEX('Metabase Lookup'!$B:$B,MATCH(B11,'Metabase Lookup'!$A:$A,0)))) | W11: =IF(ISNA(MATCH(B11,'Metabase Lookup'!$A:$A,0)),"Not found",IF(INDEX('Metabase Lookup'!$C:$C,MATCH(B11,'Metabase Lookup'!$A:$A,0))="","Pending",INDEX('Metabase Lookup'!$C:$C,MATCH(B11,'Metabase Lookup'!$A:$A,0)))) | X11: =IF(ISNA(MATCH(B11,'Metabase Lookup'!$A:$A,0)),"",IF(INDEX('Metabase Lookup'!$D:$D,MATCH(B11,'Metabase Lookup'!$A:$A,0))="","",INDEX('Metabase Lookup'!$D:$D,MATCH(B11,'Metabase Lookup'!$A:$A,0)))) | Y11: =IF(ISNUMBER(W11),IF(W11>0,"Yes","No"),"Pending") | Z11: Driver not identified (OPS account)
A12: 11 | B12: NVMYNINJA002502078 | C12: 266882646042 | D12: 46286.44 | E12: 46286 | F12: Mon | G12: Southern | H12: LKN | I12: LKN - ID - SAIFUL | MUA - HR - SYUKRIAHEZAN | J12: Multiple drivers | K12: 91827065, 91844826 | L12: 2 | M12: LM | N12: Fake Fail | O12: Invalid location / site photo | P12: Yes | Q12: No | R12: POD not cust location | S12: Zakwan | T12: =COUNTIF($B$2:$B$499,B12) | U12: =COUNTIF($I$2:$I$499,I12) | V12: =IF(ISNA(MATCH(B12,'Metabase Lookup'!$A:$A,0)),"Not found",IF(INDEX('Metabase Lookup'!$B:$B,MATCH(B12,'Metabase Lookup'!$A:$A,0))="","Pending",INDEX('Metabase Lookup'!$B:$B,MATCH(B12,'Metabase Lookup'!$A:$A,0)))) | W12: =IF(ISNA(MATCH(B12,'Metabase Lookup'!$A:$A,0)),"Not found",IF(INDEX('Metabase Lookup'!$C:$C,MATCH(B12,'Metabase Lookup'!$A:$A,0))="","Pending",INDEX('Metabase Lookup'!$C:$C,MATCH(B12,'Metabase Lookup'!$A:$A,0)))) | X12: =IF(ISNA(MATCH(B12,'Metabase Lookup'!$A:$A,0)),"",IF(INDEX('Metabase Lookup'!$D:$D,MATCH(B12,'Metabase Lookup'!$A:$A,0))="","",INDEX('Metabase Lookup'!$D:$D,MATCH(B12,'Metabase Lookup'!$A:$A,0)))) | Y12: =IF(ISNUMBER(W12),IF(W12>0,"Yes","No"),"Pending") | Z12: Multiple drivers in one row; Multiple route IDs
A13: 12 | B13: MANIR1548139880832774144 | C13: 264712639790 | D13: 46286.441 | E13: 46286 | F13: Mon | G13: Southern | H13: GLG | I13: GLG - OPS - ENGKU | J13: OPS (generic hub account) | K13: 91814193 | L13: 1 | M13: LM | N13: Fake Fail | O13: No call / call log missing | P13: Yes | Q13: No | R13: No call log / location picture | S13: Syafiq | T13: =COUNTIF($B$2:$B$499,B13) | U13: =COUNTIF($I$2:$I$499,I13) | V13: =IF(ISNA(MATCH(B13,'Metabase Lookup'!$A:$A,0)),"Not found",IF(INDEX('Metabase Lookup'!$B:$B,MATCH(B13,'Metabase Lookup'!$A:$A,0))="","Pending",INDEX('Metabase Lookup'!$B:$B,MATCH(B13,'Metabase Lookup'!$A:$A,0)))) | W13: =IF(ISNA(MATCH(B13,'Metabase Lookup'!$A:$A,0)),"Not found",IF(INDEX('Metabase Lookup'!$C:$C,MATCH(B13,'Metabase Lookup'!$A:$A,0))="","Pending",INDEX('Metabase Lookup'!$C:$C,MATCH(B13,'Metabase Lookup'!$A:$A,0)))) | X13: =IF(ISNA(MATCH(B13,'Metabase Lookup'!$A:$A,0)),"",IF(INDEX('Metabase Lookup'!$D:$D,MATCH(B13,'Metabase Lookup'!$A:$A,0))="","",INDEX('Metabase Lookup'!$D:$D,MATCH(B13,'Metabase Lookup'!$A:$A,0)))) | Y13: =IF(ISNUMBER(W13),IF(W13>0,"Yes","No"),"Pending") | Z13: TID had stray spaces/line breaks (cleaned); Driver not identified (OPS account)
A14: 13 | B14: ECFPLXX021424715 | C14: 269792626328 | D14: 46286.442 | E14: 46286 | F14: Mon | G14: KV | H14: RBY | I14: OPS - MAZLI SHAH | J14: OPS (generic hub account) | K14: 91836304 | L14: 1 | M14: LM | N14: Fake Fail | O14: Wrong number called | P14: No | Q14: No | R14: call log attach is not belong to customer | S14: Zati | T14: =COUNTIF($B$2:$B$499,B14) | U14: =COUNTIF($I$2:$I$499,I14) | V14: =IF(ISNA(MATCH(B14,'Metabase Lookup'!$A:$A,0)),"Not found",IF(INDEX('Metabase Lookup'!$B:$B,MATCH(B14,'Metabase Lookup'!$A:$A,0))="","Pending",INDEX('Metabase Lookup'!$B:$B,MATCH(B14,'Metabase Lookup'!$A:$A,0)))) | W14: =IF(ISNA(MATCH(B14,'Metabase Lookup'!$A:$A,0)),"Not found",IF(INDEX('Metabase Lookup'!$C:$C,MATCH(B14,'Metabase Lookup'!$A:$A,0))="","Pending",INDEX('Metabase Lookup'!$C:$C,MATCH(B14,'Metabase Lookup'!$A:$A,0)))) | X14: =IF(ISNA(MATCH(B14,'Metabase Lookup'!$A:$A,0)),"",IF(INDEX('Metabase Lookup'!$D:$D,MATCH(B14,'Metabase Lookup'!$A:$A,0))="","",INDEX('Metabase Lookup'!$D:$D,MATCH(B14,'Metabase Lookup'!$A:$A,0)))) | Y14: =IF(ISNUMBER(W14),IF(W14>0,"Yes","No"),"Pending") | Z14: Driver not identified (OPS account)
A15: 14 | B15: MYNJV70088695348 | C15: 262822628349 | D15: 46286.443 | E15: 46286 | F15: Mon | G15: KV | H15: SLG | I15: OPS - SELAYANG | J15: OPS (generic hub account) | K15: 91808543 | L15: 1 | M15: LM | N15: Fake Fail | O15: Invalid call log (unspecified) | P15: Yes | Q15: No | R15: Driver not attach valid call log and location is under customer address | S15: Zati | T15: =COUNTIF($B$2:$B$499,B15) | U15: =COUNTIF($I$2:$I$499,I15) | V15: =IF(ISNA(MATCH(B15,'Metabase Lookup'!$A:$A,0)),"Not found",IF(INDEX('Metabase Lookup'!$B:$B,MATCH(B15,'Metabase Lookup'!$A:$A,0))="","Pending",INDEX('Metabase Lookup'!$B:$B,MATCH(B15,'Metabase Lookup'!$A:$A,0)))) | W15: =IF(ISNA(MATCH(B15,'Metabase Lookup'!$A:$A,0)),"Not found",IF(INDEX('Metabase Lookup'!$C:$C,MATCH(B15,'Metabase Lookup'!$A:$A,0))="","Pending",INDEX('Metabase Lookup'!$C:$C,MATCH(B15,'Metabase Lookup'!$A:$A,0)))) | X15: =IF(ISNA(MATCH(B15,'Metabase Lookup'!$A:$A,0)),"",IF(INDEX('Metabase Lookup'!$D:$D,MATCH(B15,'Metabase Lookup'!$A:$A,0))="","",INDEX('Metabase Lookup'!$D:$D,MATCH(B15,'Metabase Lookup'!$A:$A,0)))) | Y15: =IF(ISNUMBER(W15),IF(W15>0,"Yes","No"),"Pending") | Z15: Driver not identified (OPS account)
A16: 15 | B16: CHVIN000010477 | C16: 265432641982 | D16: 46286.445 | E16: 46286 | F16: Mon | G16: KV | H16: KLG | I16: KLG -OPS -MUZAFFAR | J16: OPS (generic hub account) | K16: 91844261 | L16: 1 | M16: LM | N16: Fake Fail | O16: No call / call log missing | P16: No | Q16: No | R16: No call log provide and Whatsapp no response | S16: Izzni | T16: =COUNTIF($B$2:$B$499,B16) | U16: =COUNTIF($I$2:$I$499,I16) | V16: =IF(ISNA(MATCH(B16,'Metabase Lookup'!$A:$A,0)),"Not found",IF(INDEX('Metabase Lookup'!$B:$B,MATCH(B16,'Metabase Lookup'!$A:$A,0))="","Pending",INDEX('Metabase Lookup'!$B:$B,MATCH(B16,'Metabase Lookup'!$A:$A,0)))) | W16: =IF(ISNA(MATCH(B16,'Metabase Lookup'!$A:$A,0)),"Not found",IF(INDEX('Metabase Lookup'!$C:$C,MATCH(B16,'Metabase Lookup'!$A:$A,0))="","Pending",INDEX('Metabase Lookup'!$C:$C,MATCH(B16,'Metabase Lookup'!$A:$A,0)))) | X16: =IF(ISNA(MATCH(B16,'Metabase Lookup'!$A:$A,0)),"",IF(INDEX('Metabase Lookup'!$D:$D,MATCH(B16,'Metabase Lookup'!$A:$A,0))="","",INDEX('Metabase Lookup'!$D:$D,MATCH(B16,'Metabase Lookup'!$A:$A,0)))) | Y16: =IF(ISNUMBER(W16),IF(W16>0,"Yes","No"),"Pending") | Z16: Driver not identified (OPS account)
A17: 16 | B17: ZNV252917945-9837 | C17: 262892631421 | D17: 46286.445 | E17: 46286 | F17: Mon | G17: Southern | H17: KLI | I17: OPS - KULAI | J17: OPS (generic hub account) | K17: 91823639 | L17: 1 | M17: LM | N17: Fake Fail | O17: Invalid POD (no detail) | P17: No | Q17: Yes | R17: invalid POD, failed under ops | S17: Yana | T17: =COUNTIF($B$2:$B$499,B17) | U17: =COUNTIF($I$2:$I$499,I17) | V17: =IF(ISNA(MATCH(B17,'Metabase Lookup'!$A:$A,0)),"Not found",IF(INDEX('Metabase Lookup'!$B:$B,MATCH(B17,'Metabase Lookup'!$A:$A,0))="","Pending",INDEX('Metabase Lookup'!$B:$B,MATCH(B17,'Metabase Lookup'!$A:$A,0)))) | W17: =IF(ISNA(MATCH(B17,'Metabase Lookup'!$A:$A,0)),"Not found",IF(INDEX('Metabase Lookup'!$C:$C,MATCH(B17,'Metabase Lookup'!$A:$A,0))="","Pending",INDEX('Metabase Lookup'!$C:$C,MATCH(B17,'Metabase Lookup'!$A:$A,0)))) | X17: =IF(ISNA(MATCH(B17,'Metabase Lookup'!$A:$A,0)),"",IF(INDEX('Metabase Lookup'!$D:$D,MATCH(B17,'Metabase Lookup'!$A:$A,0))="","",INDEX('Metabase Lookup'!$D:$D,MATCH(B17,'Metabase Lookup'!$A:$A,0)))) | Y17: =IF(ISNUMBER(W17),IF(W17>0,"Yes","No"),"Pending") | Z17: Driver not identified (OPS account)
A18: 17 | B18: NVMYTRADE014220750NVMYTRADE014220720 | C18: 266602625524 | D18: 46286.447 | E18: 46286 | F18: Mon | G18: KV | H18: OUG | I18: OPS - OUG | J18: OPS (generic hub account) | K18: 91836443 | L18: 1 | M18: LM | N18: Fake Fail | O18: Wrong number called | P18: No | Q18: No | R18: call log attach not show customer contact number | S18: Zati | T18: =COUNTIF($B$2:$B$499,B18) | U18: =COUNTIF($I$2:$I$499,I18) | V18: =IF(ISNA(MATCH(B18,'Metabase Lookup'!$A:$A,0)),"Not found",IF(INDEX('Metabase Lookup'!$B:$B,MATCH(B18,'Metabase Lookup'!$A:$A,0))="","Pending",INDEX('Metabase Lookup'!$B:$B,MATCH(B18,'Metabase Lookup'!$A:$A,0)))) | W18: =IF(ISNA(MATCH(B18,'Metabase Lookup'!$A:$A,0)),"Not found",IF(INDEX('Metabase Lookup'!$C:$C,MATCH(B18,'Metabase Lookup'!$A:$A,0))="","Pending",INDEX('Metabase Lookup'!$C:$C,MATCH(B18,'Metabase Lookup'!$A:$A,0)))) | X18: =IF(ISNA(MATCH(B18,'Metabase Lookup'!$A:$A,0)),"",IF(INDEX('Metabase Lookup'!$D:$D,MATCH(B18,'Metabase Lookup'!$A:$A,0))="","",INDEX('Metabase Lookup'!$D:$D,MATCH(B18,'Metabase Lookup'!$A:$A,0)))) | Y18: =IF(ISNUMBER(W18),IF(W18>0,"Yes","No"),"Pending") | Z18: TID had stray spaces/line breaks (cleaned); Driver not identified (OPS account)
A19: 18 | B19: TNGE126027123707211000 | C19: 265742627200 | D19: 46286.448 | E19: 46286 | F19: Mon | G19: Southern | H19: GLG | I19: GLG - OPS - ENGKU | J19: OPS (generic hub account) | K19: 91845006 | L19: 1 | M19: LM | N19: Fake Fail | O19: No call / call log missing | P19: Yes | Q19: No | R19: no call log attach and no site photo for customer address | S19: Zati | T19: =COUNTIF($B$2:$B$499,B19) | U19: =COUNTIF($I$2:$I$499,I19) | V19: =IF(ISNA(MATCH(B19,'Metabase Lookup'!$A:$A,0)),"Not found",IF(INDEX('Metabase Lookup'!$B:$B,MATCH(B19,'Metabase Lookup'!$A:$A,0))="","Pending",INDEX('Metabase Lookup'!$B:$B,MATCH(B19,'Metabase Lookup'!$A:$A,0)))) | W19: =IF(ISNA(MATCH(B19,'Metabase Lookup'!$A:$A,0)),"Not found",IF(INDEX('Metabase Lookup'!$C:$C,MATCH(B19,'Metabase Lookup'!$A:$A,0))="","Pending",INDEX('Metabase Lookup'!$C:$C,MATCH(B19,'Metabase Lookup'!$A:$A,0)))) | X19: =IF(ISNA(MATCH(B19,'Metabase Lookup'!$A:$A,0)),"",IF(INDEX('Metabase Lookup'!$D:$D,MATCH(B19,'Metabase Lookup'!$A:$A,0))="","",INDEX('Metabase Lookup'!$D:$D,MATCH(B19,'Metabase Lookup'!$A:$A,0)))) | Y19: =IF(ISNUMBER(W19),IF(W19>0,"Yes","No"),"Pending") | Z19: Driver not identified (OPS account)
A20: 19 | B20: TESMX1549981438514819072 | C20: 266782640335 | D20: 46286.448 | E20: 46286 | F20: Mon | G20: North West | H20: TPG | I20: TPG - HR - ROZAINI MUSA | J20: HR (named) | K20: 91834761, 91842435, 91849708 | L20: 3 | M20: LM | N20: Fake Fail | O20: Recycled / manipulated POD | P20: No | Q20: No | R20: Driver using copied POD, no number showed up. | S20: Syak | T20: =COUNTIF($B$2:$B$499,B20) | U20: =COUNTIF($I$2:$I$499,I20) | V20: =IF(ISNA(MATCH(B20,'Metabase Lookup'!$A:$A,0)),"Not found",IF(INDEX('Metabase Lookup'!$B:$B,MATCH(B20,'Metabase Lookup'!$A:$A,0))="","Pending",INDEX('Metabase Lookup'!$B:$B,MATCH(B20,'Metabase Lookup'!$A:$A,0)))) | W20: =IF(ISNA(MATCH(B20,'Metabase Lookup'!$A:$A,0)),"Not found",IF(INDEX('Metabase Lookup'!$C:$C,MATCH(B20,'Metabase Lookup'!$A:$A,0))="","Pending",INDEX('Metabase Lookup'!$C:$C,MATCH(B20,'Metabase Lookup'!$A:$A,0)))) | X20: =IF(ISNA(MATCH(B20,'Metabase Lookup'!$A:$A,0)),"",IF(INDEX('Metabase Lookup'!$D:$D,MATCH(B20,'Metabase Lookup'!$A:$A,0))="","",INDEX('Metabase Lookup'!$D:$D,MATCH(B20,'Metabase Lookup'!$A:$A,0)))) | Y20: =IF(ISNUMBER(W20),IF(W20>0,"Yes","No"),"Pending") | Z20: Multiple route IDs
A21: 20 | B21: ZRP859473225359 | C21: 262282626023 | D21: 46286.45 | E21: 46286 | F21: Mon | G21: KV | H21: OUG | I21: OUG - ID - NASRUL FIKRI | J21: ID (named driver) | K21: 91835496 | L21: 1 | M21: LM | N21: Failed pick-up | R21: RPU parcel and pickup failed on 18/9. driver not call the customer. | S21: Zati | T21: =COUNTIF($B$2:$B$499,B21) | U21: =COUNTIF($I$2:$I$499,I21) | V21: =IF(ISNA(MATCH(B21,'Metabase Lookup'!$A:$A,0)),"Not found",IF(INDEX('Metabase Lookup'!$B:$B,MATCH(B21,'Metabase Lookup'!$A:$A,0))="","Pending",INDEX('Metabase Lookup'!$B:$B,MATCH(B21,'Metabase Lookup'!$A:$A,0)))) | W21: =IF(ISNA(MATCH(B21,'Metabase Lookup'!$A:$A,0)),"Not found",IF(INDEX('Metabase Lookup'!$C:$C,MATCH(B21,'Metabase Lookup'!$A:$A,0))="","Pending",INDEX('Metabase Lookup'!$C:$C,MATCH(B21,'Metabase Lookup'!$A:$A,0)))) | X21: =IF(ISNA(MATCH(B21,'Metabase Lookup'!$A:$A,0)),"",IF(INDEX('Metabase Lookup'!$D:$D,MATCH(B21,'Metabase Lookup'!$A:$A,0))="","",INDEX('Metabase Lookup'!$D:$D,MATCH(B21,'Metabase Lookup'!$A:$A,0)))) | Y21: =IF(ISNUMBER(W21),IF(W21>0,"Yes","No"),"Pending")
A22: 21 | B22: NVMYPSITI000008262 | C22: 263192628067 | D22: 46286.451 | E22: 46286 | F22: Mon | G22: North East | H22: CHU | I22: Mohammad Abdullah | J22: Name only (no hub/code) | K22: 91833111 | L22: 1 | M22: LM | N22: Pull Out Route (POR) | R22: PULL OUT OF ROUTE by Mohammad Abdullah on 2026-09-19 08:30:11 | S22: Zati | T22: =COUNTIF($B$2:$B$499,B22) | U22: =COUNTIF($I$2:$I$499,I22) | V22: =IF(ISNA(MATCH(B22,'Metabase Lookup'!$A:$A,0)),"Not found",IF(INDEX('Metabase Lookup'!$B:$B,MATCH(B22,'Metabase Lookup'!$A:$A,0))="","Pending",INDEX('Metabase Lookup'!$B:$B,MATCH(B22,'Metabase Lookup'!$A:$A,0)))) | W22: =IF(ISNA(MATCH(B22,'Metabase Lookup'!$A:$A,0)),"Not found",IF(INDEX('Metabase Lookup'!$C:$C,MATCH(B22,'Metabase Lookup'!$A:$A,0))="","Pending",INDEX('Metabase Lookup'!$C:$C,MATCH(B22,'Metabase Lookup'!$A:$A,0)))) | X22: =IF(ISNA(MATCH(B22,'Metabase Lookup'!$A:$A,0)),"",IF(INDEX('Metabase Lookup'!$D:$D,MATCH(B22,'Metabase Lookup'!$A:$A,0))="","",INDEX('Metabase Lookup'!$D:$D,MATCH(B22,'Metabase Lookup'!$A:$A,0)))) | Y22: =IF(ISNUMBER(W22),IF(W22>0,"Yes","No"),"Pending")
A23: 22 | B23: NVMYMZ0N3000028117 | C23: 269032647217 | D23: 46286.455 | E23: 46286 | F23: Mon | G23: KV | H23: OUG | I23: OUG - ID - MUHAMAR | J23: ID (named driver) | K23: 91851654 | L23: 1 | M23: LM | N23: Parcel Dumping | R23: Driver not notifying cust after delivered the parcel | S23: Syak | T23: =COUNTIF($B$2:$B$499,B23) | U23: =COUNTIF($I$2:$I$499,I23) | V23: =IF(ISNA(MATCH(B23,'Metabase Lookup'!$A:$A,0)),"Not found",IF(INDEX('Metabase Lookup'!$B:$B,MATCH(B23,'Metabase Lookup'!$A:$A,0))="","Pending",INDEX('Metabase Lookup'!$B:$B,MATCH(B23,'Metabase Lookup'!$A:$A,0)))) | W23: =IF(ISNA(MATCH(B23,'Metabase Lookup'!$A:$A,0)),"Not found",IF(INDEX('Metabase Lookup'!$C:$C,MATCH(B23,'Metabase Lookup'!$A:$A,0))="","Pending",INDEX('Metabase Lookup'!$C:$C,MATCH(B23,'Metabase Lookup'!$A:$A,0)))) | X23: =IF(ISNA(MATCH(B23,'Metabase Lookup'!$A:$A,0)),"",IF(INDEX('Metabase Lookup'!$D:$D,MATCH(B23,'Metabase Lookup'!$A:$A,0))="","",INDEX('Metabase Lookup'!$D:$D,MATCH(B23,'Metabase Lookup'!$A:$A,0)))) | Y23: =IF(ISNUMBER(W23),IF(W23>0,"Yes","No"),"Pending")
A24: 23 | B24: ZNV253317945-1886 | C24: 263702637111 | D24: 46286.456 | E24: 46286 | F24: Mon | G24: Northern | H24: PSN | I24: PSN - ID - NOOR AZZAMIRA | J24: ID (named driver) | K24: 91824410 | L24: 1 | M24: LM | N24: Fake Fail | O24: Invalid location / site photo | P24: Yes | Q24: No | R24: invalid site photo , cannot classified this is the correct house | S24: Yana | T24: =COUNTIF($B$2:$B$499,B24) | U24: =COUNTIF($I$2:$I$499,I24) | V24: =IF(ISNA(MATCH(B24,'Metabase Lookup'!$A:$A,0)),"Not found",IF(INDEX('Metabase Lookup'!$B:$B,MATCH(B24,'Metabase Lookup'!$A:$A,0))="","Pending",INDEX('Metabase Lookup'!$B:$B,MATCH(B24,'Metabase Lookup'!$A:$A,0)))) | W24: =IF(ISNA(MATCH(B24,'Metabase Lookup'!$A:$A,0)),"Not found",IF(INDEX('Metabase Lookup'!$C:$C,MATCH(B24,'Metabase Lookup'!$A:$A,0))="","Pending",INDEX('Metabase Lookup'!$C:$C,MATCH(B24,'Metabase Lookup'!$A:$A,0)))) | X24: =IF(ISNA(MATCH(B24,'Metabase Lookup'!$A:$A,0)),"",IF(INDEX('Metabase Lookup'!$D:$D,MATCH(B24,'Metabase Lookup'!$A:$A,0))="","",INDEX('Metabase Lookup'!$D:$D,MATCH(B24,'Metabase Lookup'!$A:$A,0)))) | Y24: =IF(ISNUMBER(W24),IF(W24>0,"Yes","No"),"Pending")
A25: 24 | B25: ZRP859373225311 | C25: 269352622436 | D25: 46286.46 | E25: 46286 | F25: Mon | G25: Northern | H25: GEO | I25: GEO - MES - ANWAR | J25: Other coded | K25: 91833914, 91842995 | L25: 2 | M25: LM | N25: Failed pick-up | R25: no location address attach by driver | S25: Zati | T25: =COUNTIF($B$2:$B$499,B25) | U25: =COUNTIF($I$2:$I$499,I25) | V25: =IF(ISNA(MATCH(B25,'Metabase Lookup'!$A:$A,0)),"Not found",IF(INDEX('Metabase Lookup'!$B:$B,MATCH(B25,'Metabase Lookup'!$A:$A,0))="","Pending",INDEX('Metabase Lookup'!$B:$B,MATCH(B25,'Metabase Lookup'!$A:$A,0)))) | W25: =IF(ISNA(MATCH(B25,'Metabase Lookup'!$A:$A,0)),"Not found",IF(INDEX('Metabase Lookup'!$C:$C,MATCH(B25,'Metabase Lookup'!$A:$A,0))="","Pending",INDEX('Metabase Lookup'!$C:$C,MATCH(B25,'Metabase Lookup'!$A:$A,0)))) | X25: =IF(ISNA(MATCH(B25,'Metabase Lookup'!$A:$A,0)),"",IF(INDEX('Metabase Lookup'!$D:$D,MATCH(B25,'Metabase Lookup'!$A:$A,0))="","",INDEX('Metabase Lookup'!$D:$D,MATCH(B25,'Metabase Lookup'!$A:$A,0)))) | Y25: =IF(ISNUMBER(W25),IF(W25>0,"Yes","No"),"Pending") | Z25: Multiple route IDs
A26: 25 | B26: ZNV946823440-8240-BKS | C26: 260352624803 | D26: 46286.462 | E26: 46286 | F26: Mon | G26: Southern | H26: NSJ | I26: OPS - NSJ | J26: OPS (generic hub account) | K26: 91844859 | L26: 1 | M26: LM | N26: Fake Fail | O26: No call / call log missing | P26: No | Q26: No | R26: no call log attach and pod is invalid | S26: Zati | T26: =COUNTIF($B$2:$B$499,B26) | U26: =COUNTIF($I$2:$I$499,I26) | V26: =IF(ISNA(MATCH(B26,'Metabase Lookup'!$A:$A,0)),"Not found",IF(INDEX('Metabase Lookup'!$B:$B,MATCH(B26,'Metabase Lookup'!$A:$A,0))="","Pending",INDEX('Metabase Lookup'!$B:$B,MATCH(B26,'Metabase Lookup'!$A:$A,0)))) | W26: =IF(ISNA(MATCH(B26,'Metabase Lookup'!$A:$A,0)),"Not found",IF(INDEX('Metabase Lookup'!$C:$C,MATCH(B26,'Metabase Lookup'!$A:$A,0))="","Pending",INDEX('Metabase Lookup'!$C:$C,MATCH(B26,'Metabase Lookup'!$A:$A,0)))) | X26: =IF(ISNA(MATCH(B26,'Metabase Lookup'!$A:$A,0)),"",IF(INDEX('Metabase Lookup'!$D:$D,MATCH(B26,'Metabase Lookup'!$A:$A,0))="","",INDEX('Metabase Lookup'!$D:$D,MATCH(B26,'Metabase Lookup'!$A:$A,0)))) | Y26: =IF(ISNUMBER(W26),IF(W26>0,"Yes","No"),"Pending") | Z26: Driver not identified (OPS account)
A27: 26 | B27: ZMYITJ6MMPDS-2777789 | C27: 265032622937 | D27: 46286.464 | E27: 46286 | F27: Mon | G27: KV | H27: OUG | I27: OPS - OUG | J27: OPS (generic hub account) | K27: 91836449 | L27: 1 | M27: LM | N27: Fake Fail | O27: Wrong number called | P27: No | Q27: No | R27: Call log attach not show customer contact number | S27: Zati | T27: =COUNTIF($B$2:$B$499,B27) | U27: =COUNTIF($I$2:$I$499,I27) | V27: =IF(ISNA(MATCH(B27,'Metabase Lookup'!$A:$A,0)),"Not found",IF(INDEX('Metabase Lookup'!$B:$B,MATCH(B27,'Metabase Lookup'!$A:$A,0))="","Pending",INDEX('Metabase Lookup'!$B:$B,MATCH(B27,'Metabase Lookup'!$A:$A,0)))) | W27: =IF(ISNA(MATCH(B27,'Metabase Lookup'!$A:$A,0)),"Not found",IF(INDEX('Metabase Lookup'!$C:$C,MATCH(B27,'Metabase Lookup'!$A:$A,0))="","Pending",INDEX('Metabase Lookup'!$C:$C,MATCH(B27,'Metabase Lookup'!$A:$A,0)))) | X27: =IF(ISNA(MATCH(B27,'Metabase Lookup'!$A:$A,0)),"",IF(INDEX('Metabase Lookup'!$D:$D,MATCH(B27,'Metabase Lookup'!$A:$A,0))="","",INDEX('Metabase Lookup'!$D:$D,MATCH(B27,'Metabase Lookup'!$A:$A,0)))) | Y27: =IF(ISNUMBER(W27),IF(W27>0,"Yes","No"),"Pending") | Z27: Driver not identified (OPS account)
A28: 27 | B28: ZNV946832382-8599 | C28: 268002630146 | D28: 46286.465 | E28: 46286 | F28: Mon | G28: KV | H28: DSA | I28: OPS - DSA | J28: OPS (generic hub account) | K28: 91844986 | L28: 1 | M28: LM | N28: Fake Fail | O28: Invalid POD (no detail) | P28: No | Q28: Yes | R28: invalid POD, failed under ops | S28: Yana | T28: =COUNTIF($B$2:$B$499,B28) | U28: =COUNTIF($I$2:$I$499,I28) | V28: =IF(ISNA(MATCH(B28,'Metabase Lookup'!$A:$A,0)),"Not found",IF(INDEX('Metabase Lookup'!$B:$B,MATCH(B28,'Metabase Lookup'!$A:$A,0))="","Pending",INDEX('Metabase Lookup'!$B:$B,MATCH(B28,'Metabase Lookup'!$A:$A,0)))) | W28: =IF(ISNA(MATCH(B28,'Metabase Lookup'!$A:$A,0)),"Not found",IF(INDEX('Metabase Lookup'!$C:$C,MATCH(B28,'Metabase Lookup'!$A:$A,0))="","Pending",INDEX('Metabase Lookup'!$C:$C,MATCH(B28,'Metabase Lookup'!$A:$A,0)))) | X28: =IF(ISNA(MATCH(B28,'Metabase Lookup'!$A:$A,0)),"",IF(INDEX('Metabase Lookup'!$D:$D,MATCH(B28,'Metabase Lookup'!$A:$A,0))="","",INDEX('Metabase Lookup'!$D:$D,MATCH(B28,'Metabase Lookup'!$A:$A,0)))) | Y28: =IF(ISNUMBER(W28),IF(W28>0,"Yes","No"),"Pending") | Z28: Driver not identified (OPS account)
A29: 28 | B29: TNGDV2609136945139660 | C29: 264052642446 | D29: 46286.465 | E29: 46286 | F29: Mon | G29: KV | H29: SHM | I29: OPS - SHM | J29: OPS (generic hub account) | K29: 91836515 | L29: 1 | M29: LM | N29: Fake Fail | O29: No call / call log missing | P29: No | Q29: No | R29: no call log attach and pod is invalid | S29: Zati | T29: =COUNTIF($B$2:$B$499,B29) | U29: =COUNTIF($I$2:$I$499,I29) | V29: =IF(ISNA(MATCH(B29,'Metabase Lookup'!$A:$A,0)),"Not found",IF(INDEX('Metabase Lookup'!$B:$B,MATCH(B29,'Metabase Lookup'!$A:$A,0))="","Pending",INDEX('Metabase Lookup'!$B:$B,MATCH(B29,'Metabase Lookup'!$A:$A,0)))) | W29: =IF(ISNA(MATCH(B29,'Metabase Lookup'!$A:$A,0)),"Not found",IF(INDEX('Metabase Lookup'!$C:$C,MATCH(B29,'Metabase Lookup'!$A:$A,0))="","Pending",INDEX('Metabase Lookup'!$C:$C,MATCH(B29,'Metabase Lookup'!$A:$A,0)))) | X29: =IF(ISNA(MATCH(B29,'Metabase Lookup'!$A:$A,0)),"",IF(INDEX('Metabase Lookup'!$D:$D,MATCH(B29,'Metabase Lookup'!$A:$A,0))="","",INDEX('Metabase Lookup'!$D:$D,MATCH(B29,'Metabase Lookup'!$A:$A,0)))) | Y29: =IF(ISNUMBER(W29),IF(W29>0,"Yes","No"),"Pending") | Z29: Driver not identified (OPS account)
A30: 29 | B30: NVMYHILAL00HL23336 | C30: 267652647673 | D30: 46286.467 | E30: 46286 | F30: Mon | G30: KV | H30: SHA | I30: SHA - OPS - SHA | J30: OPS (generic hub account) | K30: 91848706 | L30: 1 | M30: LM | N30: Fake Fail | O30: Wrong number called | P30: No | Q30: No | R30: call log attach is not belong to customer | S30: Zati | T30: =COUNTIF($B$2:$B$499,B30) | U30: =COUNTIF($I$2:$I$499,I30) | V30: =IF(ISNA(MATCH(B30,'Metabase Lookup'!$A:$A,0)),"Not found",IF(INDEX('Metabase Lookup'!$B:$B,MATCH(B30,'Metabase Lookup'!$A:$A,0))="","Pending",INDEX('Metabase Lookup'!$B:$B,MATCH(B30,'Metabase Lookup'!$A:$A,0)))) | W30: =IF(ISNA(MATCH(B30,'Metabase Lookup'!$A:$A,0)),"Not found",IF(INDEX('Metabase Lookup'!$C:$C,MATCH(B30,'Metabase Lookup'!$A:$A,0))="","Pending",INDEX('Metabase Lookup'!$C:$C,MATCH(B30,'Metabase Lookup'!$A:$A,0)))) | X30: =IF(ISNA(MATCH(B30,'Metabase Lookup'!$A:$A,0)),"",IF(INDEX('Metabase Lookup'!$D:$D,MATCH(B30,'Metabase Lookup'!$A:$A,0))="","",INDEX('Metabase Lookup'!$D:$D,MATCH(B30,'Metabase Lookup'!$A:$A,0)))) | Y30: =IF(ISNUMBER(W30),IF(W30>0,"Yes","No"),"Pending") | Z30: Driver not identified (OPS account)
A31: 30 | B31: NLMYWA04659534 | C31: 263882645868 | D31: 46286.469 | E31: 46286 | F31: Mon | G31: KV | H31: BTR | I31: Norman Razak | J31: Name only (no hub/code) | K31: 91847382 | L31: 1 | M31: LM | N31: Pull Out Route (POR) | R31: PULL OUT OF ROUTE by Norman Razak on 2026-09-20 23:40:50 | S31: Zati | T31: =COUNTIF($B$2:$B$499,B31) | U31: =COUNTIF($I$2:$I$499,I31) | V31: =IF(ISNA(MATCH(B31,'Metabase Lookup'!$A:$A,0)),"Not found",IF(INDEX('Metabase Lookup'!$B:$B,MATCH(B31,'Metabase Lookup'!$A:$A,0))="","Pending",INDEX('Metabase Lookup'!$B:$B,MATCH(B31,'Metabase Lookup'!$A:$A,0)))) | W31: =IF(ISNA(MATCH(B31,'Metabase Lookup'!$A:$A,0)),"Not found",IF(INDEX('Metabase Lookup'!$C:$C,MATCH(B31,'Metabase Lookup'!$A:$A,0))="","Pending",INDEX('Metabase Lookup'!$C:$C,MATCH(B31,'Metabase Lookup'!$A:$A,0)))) | X31: =IF(ISNA(MATCH(B31,'Metabase Lookup'!$A:$A,0)),"",IF(INDEX('Metabase Lookup'!$D:$D,MATCH(B31,'Metabase Lookup'!$A:$A,0))="","",INDEX('Metabase Lookup'!$D:$D,MATCH(B31,'Metabase Lookup'!$A:$A,0)))) | Y31: =IF(ISNUMBER(W31),IF(W31>0,"Yes","No"),"Pending")
A32: 31 | B32: NVMYKILATWK0076807 | C32: 260612649160 | D32: 46286.475 | E32: 46286 | F32: Mon | G32: Southern | H32: LKN | I32: Hanzholah Hasani | J32: Name only (no hub/code) | K32: 91845093 | L32: 1 | M32: LM | N32: Pull Out Route (POR) | R32: PULL OUT OF ROUTE by Hanzholah Hasani on 2026-09-20 10:15:01 | S32: Zati | T32: =COUNTIF($B$2:$B$499,B32) | U32: =COUNTIF($I$2:$I$499,I32) | V32: =IF(ISNA(MATCH(B32,'Metabase Lookup'!$A:$A,0)),"Not found",IF(INDEX('Metabase Lookup'!$B:$B,MATCH(B32,'Metabase Lookup'!$A:$A,0))="","Pending",INDEX('Metabase Lookup'!$B:$B,MATCH(B32,'Metabase Lookup'!$A:$A,0)))) | W32: =IF(ISNA(MATCH(B32,'Metabase Lookup'!$A:$A,0)),"Not found",IF(INDEX('Metabase Lookup'!$C:$C,MATCH(B32,'Metabase Lookup'!$A:$A,0))="","Pending",INDEX('Metabase Lookup'!$C:$C,MATCH(B32,'Metabase Lookup'!$A:$A,0)))) | X32: =IF(ISNA(MATCH(B32,'Metabase Lookup'!$A:$A,0)),"",IF(INDEX('Metabase Lookup'!$D:$D,MATCH(B32,'Metabase Lookup'!$A:$A,0))="","",INDEX('Metabase Lookup'!$D:$D,MATCH(B32,'Metabase Lookup'!$A:$A,0)))) | Y32: =IF(ISNUMBER(W32),IF(W32>0,"Yes","No"),"Pending")
A33: 32 | B33: AMNV005963959 | C33: 269502643639 | D33: 46286.477 | E33: 46286 | F33: Mon | G33: Northern | H33: AOR | I33: AOR - FM - Ihsan Rashid | J33: FM (first-mile) | K33: 91844628 | L33: 1 | M33: LM | N33: Fake Fail | O33: Invalid POD (no detail) | P33: No | Q33: No | R33: Invalid POD | S33: Naveen | T33: =COUNTIF($B$2:$B$499,B33) | U33: =COUNTIF($I$2:$I$499,I33) | V33: =IF(ISNA(MATCH(B33,'Metabase Lookup'!$A:$A,0)),"Not found",IF(INDEX('Metabase Lookup'!$B:$B,MATCH(B33,'Metabase Lookup'!$A:$A,0))="","Pending",INDEX('Metabase Lookup'!$B:$B,MATCH(B33,'Metabase Lookup'!$A:$A,0)))) | W33: =IF(ISNA(MATCH(B33,'Metabase Lookup'!$A:$A,0)),"Not found",IF(INDEX('Metabase Lookup'!$C:$C,MATCH(B33,'Metabase Lookup'!$A:$A,0))="","Pending",INDEX('Metabase Lookup'!$C:$C,MATCH(B33,'Metabase Lookup'!$A:$A,0)))) | X33: =IF(ISNA(MATCH(B33,'Metabase Lookup'!$A:$A,0)),"",IF(INDEX('Metabase Lookup'!$D:$D,MATCH(B33,'Metabase Lookup'!$A:$A,0))="","",INDEX('Metabase Lookup'!$D:$D,MATCH(B33,'Metabase Lookup'!$A:$A,0)))) | Y33: =IF(ISNUMBER(W33),IF(W33>0,"Yes","No"),"Pending")
A34: 33 | B34: ADI111550482187476107264 | C34: 260452642580 | D34: 46286.48 | E34: 46286 | F34: Mon | G34: KV | H34: SHA | I34: SHA - OPS - SHA | J34: OPS (generic hub account) | K34: 91848706 | L34: 1 | M34: LM | N34: Fake Fail | O34: Wrong number called | P34: No | Q34: No | R34: driver attach wrong call log not belong customer | S34: Zati | T34: =COUNTIF($B$2:$B$499,B34) | U34: =COUNTIF($I$2:$I$499,I34) | V34: =IF(ISNA(MATCH(B34,'Metabase Lookup'!$A:$A,0)),"Not found",IF(INDEX('Metabase Lookup'!$B:$B,MATCH(B34,'Metabase Lookup'!$A:$A,0))="","Pending",INDEX('Metabase Lookup'!$B:$B,MATCH(B34,'Metabase Lookup'!$A:$A,0)))) | W34: =IF(ISNA(MATCH(B34,'Metabase Lookup'!$A:$A,0)),"Not found",IF(INDEX('Metabase Lookup'!$C:$C,MATCH(B34,'Metabase Lookup'!$A:$A,0))="","Pending",INDEX('Metabase Lookup'!$C:$C,MATCH(B34,'Metabase Lookup'!$A:$A,0)))) | X34: =IF(ISNA(MATCH(B34,'Metabase Lookup'!$A:$A,0)),"",IF(INDEX('Metabase Lookup'!$D:$D,MATCH(B34,'Metabase Lookup'!$A:$A,0))="","",INDEX('Metabase Lookup'!$D:$D,MATCH(B34,'Metabase Lookup'!$A:$A,0)))) | Y34: =IF(ISNUMBER(W34),IF(W34>0,"Yes","No"),"Pending") | Z34: Driver not identified (OPS account)
A35: 34 | B35: MAILB1549313460283060224 | C35: 265662644805 | D35: 46286.481 | E35: 46286 | F35: Mon | G35: KV | H35: STL | I35: Najib Halif | J35: Name only (no hub/code) | K35: 91836491 | L35: 1 | M35: LM | N35: Pull Out Route (POR) | R35: DRIVER INBOUND SCAN > 2026-09-18 17:36:40 PULL OUT OF ROUTE > 2026-09-21 08:53:44 | S35: Naveen | T35: =COUNTIF($B$2:$B$499,B35) | U35: =COUNTIF($I$2:$I$499,I35) | V35: =IF(ISNA(MATCH(B35,'Metabase Lookup'!$A:$A,0)),"Not found",IF(INDEX('Metabase Lookup'!$B:$B,MATCH(B35,'Metabase Lookup'!$A:$A,0))="","Pending",INDEX('Metabase Lookup'!$B:$B,MATCH(B35,'Metabase Lookup'!$A:$A,0)))) | W35: =IF(ISNA(MATCH(B35,'Metabase Lookup'!$A:$A,0)),"Not found",IF(INDEX('Metabase Lookup'!$C:$C,MATCH(B35,'Metabase Lookup'!$A:$A,0))="","Pending",INDEX('Metabase Lookup'!$C:$C,MATCH(B35,'Metabase Lookup'!$A:$A,0)))) | X35: =IF(ISNA(MATCH(B35,'Metabase Lookup'!$A:$A,0)),"",IF(INDEX('Metabase Lookup'!$D:$D,MATCH(B35,'Metabase Lookup'!$A:$A,0))="","",INDEX('Metabase Lookup'!$D:$D,MATCH(B35,'Metabase Lookup'!$A:$A,0)))) | Y35: =IF(ISNUMBER(W35),IF(W35>0,"Yes","No"),"Pending") | Z35: TID had stray spaces/line breaks (cleaned)
A36: 35 | B36: TAIN1546068998241939456 | C36: 265572649548 | D36: 46286.482 | E36: 46286 | F36: Mon | G36: Northern | H36: BTS | I36: BTS - OPS - PENAGA | J36: OPS (generic hub account) | K36: 91836653 | L36: 1 | M36: LM | N36: Fake Fail | O36: Wrong number called | P36: No | Q36: No | R36: driver contact different number | S36: Hartini | T36: =COUNTIF($B$2:$B$499,B36) | U36: =COUNTIF($I$2:$I$499,I36) | V36: =IF(ISNA(MATCH(B36,'Metabase Lookup'!$A:$A,0)),"Not found",IF(INDEX('Metabase Lookup'!$B:$B,MATCH(B36,'Metabase Lookup'!$A:$A,0))="","Pending",INDEX('Metabase Lookup'!$B:$B,MATCH(B36,'Metabase Lookup'!$A:$A,0)))) | W36: =IF(ISNA(MATCH(B36,'Metabase Lookup'!$A:$A,0)),"Not found",IF(INDEX('Metabase Lookup'!$C:$C,MATCH(B36,'Metabase Lookup'!$A:$A,0))="","Pending",INDEX('Metabase Lookup'!$C:$C,MATCH(B36,'Metabase Lookup'!$A:$A,0)))) | X36: =IF(ISNA(MATCH(B36,'Metabase Lookup'!$A:$A,0)),"",IF(INDEX('Metabase Lookup'!$D:$D,MATCH(B36,'Metabase Lookup'!$A:$A,0))="","",INDEX('Metabase Lookup'!$D:$D,MATCH(B36,'Metabase Lookup'!$A:$A,0)))) | Y36: =IF(ISNUMBER(W36),IF(W36>0,"Yes","No"),"Pending") | Z36: Driver not identified (OPS account)
A37: 36 | B37: NVMYTNAMR000000532 | C37: 260362647323 | D37: 46286.483 | E37: 46286 | F37: Mon | G37: Southern | H37: HTM | I37: HTM - ID - OPS | J37: OPS (generic hub account) | K37: 91843077 | L37: 1 | M37: LM | N37: Fake Fail | O37: Invalid location / site photo | P37: Yes | Q37: No | R37: Cust claim pod is not cust place | S37: Naveen | T37: =COUNTIF($B$2:$B$499,B37) | U37: =COUNTIF($I$2:$I$499,I37) | V37: =IF(ISNA(MATCH(B37,'Metabase Lookup'!$A:$A,0)),"Not found",IF(INDEX('Metabase Lookup'!$B:$B,MATCH(B37,'Metabase Lookup'!$A:$A,0))="","Pending",INDEX('Metabase Lookup'!$B:$B,MATCH(B37,'Metabase Lookup'!$A:$A,0)))) | W37: =IF(ISNA(MATCH(B37,'Metabase Lookup'!$A:$A,0)),"Not found",IF(INDEX('Metabase Lookup'!$C:$C,MATCH(B37,'Metabase Lookup'!$A:$A,0))="","Pending",INDEX('Metabase Lookup'!$C:$C,MATCH(B37,'Metabase Lookup'!$A:$A,0)))) | X37: =IF(ISNA(MATCH(B37,'Metabase Lookup'!$A:$A,0)),"",IF(INDEX('Metabase Lookup'!$D:$D,MATCH(B37,'Metabase Lookup'!$A:$A,0))="","",INDEX('Metabase Lookup'!$D:$D,MATCH(B37,'Metabase Lookup'!$A:$A,0)))) | Y37: =IF(ISNUMBER(W37),IF(W37>0,"Yes","No"),"Pending") | Z37: Driver not identified (OPS account)
A38: 37 | B38: MOOK1550361206561648640 | C38: 263382649683 | D38: 46286.487 | E38: 46286 | F38: Mon | G38: Northern | H38: KLM | I38: KLM - ID - HAFIZI HABIBON | KLM - ID - ONG WEI | J38: Multiple drivers | K38: 91841281, 91849300 | L38: 2 | M38: LM | N38: Fake Fail | O38: Invalid location / site photo | P38: Yes | Q38: No | R38: driver attach wrong location and not customer house | S38: Zati | T38: =COUNTIF($B$2:$B$499,B38) | U38: =COUNTIF($I$2:$I$499,I38) | V38: =IF(ISNA(MATCH(B38,'Metabase Lookup'!$A:$A,0)),"Not found",IF(INDEX('Metabase Lookup'!$B:$B,MATCH(B38,'Metabase Lookup'!$A:$A,0))="","Pending",INDEX('Metabase Lookup'!$B:$B,MATCH(B38,'Metabase Lookup'!$A:$A,0)))) | W38: =IF(ISNA(MATCH(B38,'Metabase Lookup'!$A:$A,0)),"Not found",IF(INDEX('Metabase Lookup'!$C:$C,MATCH(B38,'Metabase Lookup'!$A:$A,0))="","Pending",INDEX('Metabase Lookup'!$C:$C,MATCH(B38,'Metabase Lookup'!$A:$A,0)))) | X38: =IF(ISNA(MATCH(B38,'Metabase Lookup'!$A:$A,0)),"",IF(INDEX('Metabase Lookup'!$D:$D,MATCH(B38,'Metabase Lookup'!$A:$A,0))="","",INDEX('Metabase Lookup'!$D:$D,MATCH(B38,'Metabase Lookup'!$A:$A,0)))) | Y38: =IF(ISNUMBER(W38),IF(W38>0,"Yes","No"),"Pending") | Z38: Multiple drivers in one row; Multiple route IDs
A39: 38 | B39: MYNJV70045865378/MYNJV70035605218 | C39: 265422646611 | D39: 46286.489 | E39: 46286 | F39: Mon | G39: KV | H39: SHA | I39: SHA - OPS - SHA | J39: OPS (generic hub account) | K39: 91826821 | L39: 1 | M39: LM | N39: Fake Fail | O39: Invalid POD (no detail) | P39: No | Q39: No | R39: POD invalid | S39: Naveen | T39: =COUNTIF($B$2:$B$499,B39) | U39: =COUNTIF($I$2:$I$499,I39) | V39: =IF(ISNA(MATCH(B39,'Metabase Lookup'!$A:$A,0)),"Not found",IF(INDEX('Metabase Lookup'!$B:$B,MATCH(B39,'Metabase Lookup'!$A:$A,0))="","Pending",INDEX('Metabase Lookup'!$B:$B,MATCH(B39,'Metabase Lookup'!$A:$A,0)))) | W39: =IF(ISNA(MATCH(B39,'Metabase Lookup'!$A:$A,0)),"Not found",IF(INDEX('Metabase Lookup'!$C:$C,MATCH(B39,'Metabase Lookup'!$A:$A,0))="","Pending",INDEX('Metabase Lookup'!$C:$C,MATCH(B39,'Metabase Lookup'!$A:$A,0)))) | X39: =IF(ISNA(MATCH(B39,'Metabase Lookup'!$A:$A,0)),"",IF(INDEX('Metabase Lookup'!$D:$D,MATCH(B39,'Metabase Lookup'!$A:$A,0))="","",INDEX('Metabase Lookup'!$D:$D,MATCH(B39,'Metabase Lookup'!$A:$A,0)))) | Y39: =IF(ISNUMBER(W39),IF(W39>0,"Yes","No"),"Pending") | Z39: TID had stray spaces/line breaks (cleaned); Driver not identified (OPS account)
A40: 39 | B40: NVMYNINJA002510859 | C40: 260812644722 | D40: 46286.495 | E40: 46286 | F40: Mon | G40: North West | H40: BAG | I40: Adam Haris | J40: Name only (no hub/code) | K40: 91851544 | L40: 1 | M40: LM | N40: Pull Out Route (POR) | R40: PULL OUT OF ROUTE by Adam Haris on 2026-09-21 09:21:55 | S40: Zati | T40: =COUNTIF($B$2:$B$499,B40) | U40: =COUNTIF($I$2:$I$499,I40) | V40: =IF(ISNA(MATCH(B40,'Metabase Lookup'!$A:$A,0)),"Not found",IF(INDEX('Metabase Lookup'!$B:$B,MATCH(B40,'Metabase Lookup'!$A:$A,0))="","Pending",INDEX('Metabase Lookup'!$B:$B,MATCH(B40,'Metabase Lookup'!$A:$A,0)))) | W40: =IF(ISNA(MATCH(B40,'Metabase Lookup'!$A:$A,0)),"Not found",IF(INDEX('Metabase Lookup'!$C:$C,MATCH(B40,'Metabase Lookup'!$A:$A,0))="","Pending",INDEX('Metabase Lookup'!$C:$C,MATCH(B40,'Metabase Lookup'!$A:$A,0)))) | X40: =IF(ISNA(MATCH(B40,'Metabase Lookup'!$A:$A,0)),"",IF(INDEX('Metabase Lookup'!$D:$D,MATCH(B40,'Metabase Lookup'!$A:$A,0))="","",INDEX('Metabase Lookup'!$D:$D,MATCH(B40,'Metabase Lookup'!$A:$A,0)))) | Y40: =IF(ISNUMBER(W40),IF(W40>0,"Yes","No"),"Pending") | Z40: TID logged more than once
A41: 40 | B41: NVMYSOUPE000000919 | C41: 268792648241 | D41: 46286.495 | E41: 46286 | F41: Mon | G41: KV | H41: DSA | I41: OPS - DSA | J41: OPS (generic hub account) | K41: 91844986 | L41: 1 | M41: LM | N41: Fake Fail | O41: No call / call log missing | P41: Yes | Q41: No | R41: no call log, invalid location pod | S41: Ninja Hadif | T41: =COUNTIF($B$2:$B$499,B41) | U41: =COUNTIF($I$2:$I$499,I41) | V41: =IF(ISNA(MATCH(B41,'Metabase Lookup'!$A:$A,0)),"Not found",IF(INDEX('Metabase Lookup'!$B:$B,MATCH(B41,'Metabase Lookup'!$A:$A,0))="","Pending",INDEX('Metabase Lookup'!$B:$B,MATCH(B41,'Metabase Lookup'!$A:$A,0)))) | W41: =IF(ISNA(MATCH(B41,'Metabase Lookup'!$A:$A,0)),"Not found",IF(INDEX('Metabase Lookup'!$C:$C,MATCH(B41,'Metabase Lookup'!$A:$A,0))="","Pending",INDEX('Metabase Lookup'!$C:$C,MATCH(B41,'Metabase Lookup'!$A:$A,0)))) | X41: =IF(ISNA(MATCH(B41,'Metabase Lookup'!$A:$A,0)),"",IF(INDEX('Metabase Lookup'!$D:$D,MATCH(B41,'Metabase Lookup'!$A:$A,0))="","",INDEX('Metabase Lookup'!$D:$D,MATCH(B41,'Metabase Lookup'!$A:$A,0)))) | Y41: =IF(ISNUMBER(W41),IF(W41>0,"Yes","No"),"Pending") | Z41: Driver not identified (OPS account)
A42: 41 | B42: AEMYA000630786 | C42: 266462642254 | D42: 46286.496 | E42: 46286 | F42: Mon | G42: KV | H42: OUG | I42: OPS - OUG | J42: OPS (generic hub account) | K42: 91845014 | L42: 1 | M42: LM | N42: Fake Fail | O42: Invalid POD (no detail) | P42: No | Q42: No | R42: invalid POD | S42: Naveen | T42: =COUNTIF($B$2:$B$499,B42) | U42: =COUNTIF($I$2:$I$499,I42) | V42: =IF(ISNA(MATCH(B42,'Metabase Lookup'!$A:$A,0)),"Not found",IF(INDEX('Metabase Lookup'!$B:$B,MATCH(B42,'Metabase Lookup'!$A:$A,0))="","Pending",INDEX('Metabase Lookup'!$B:$B,MATCH(B42,'Metabase Lookup'!$A:$A,0)))) | W42: =IF(ISNA(MATCH(B42,'Metabase Lookup'!$A:$A,0)),"Not found",IF(INDEX('Metabase Lookup'!$C:$C,MATCH(B42,'Metabase Lookup'!$A:$A,0))="","Pending",INDEX('Metabase Lookup'!$C:$C,MATCH(B42,'Metabase Lookup'!$A:$A,0)))) | X42: =IF(ISNA(MATCH(B42,'Metabase Lookup'!$A:$A,0)),"",IF(INDEX('Metabase Lookup'!$D:$D,MATCH(B42,'Metabase Lookup'!$A:$A,0))="","",INDEX('Metabase Lookup'!$D:$D,MATCH(B42,'Metabase Lookup'!$A:$A,0)))) | Y42: =IF(ISNUMBER(W42),IF(W42>0,"Yes","No"),"Pending") | Z42: Driver not identified (OPS account)
A43: 42 | B43: NVMYHNMHN00316406S | C43: 265082648089 | D43: 46286.497 | E43: 46286 | F43: Mon | G43: KV | H43: RBY | I43: OPS - NAIM FIKRI | J43: OPS (generic hub account) | K43: 91851750 | L43: 1 | M43: LM | N43: Fake Fail | O43: Wrong number called | P43: No | Q43: No | R43: driver attach wrong call log not belong to customer | S43: Zati | T43: =COUNTIF($B$2:$B$499,B43) | U43: =COUNTIF($I$2:$I$499,I43) | V43: =IF(ISNA(MATCH(B43,'Metabase Lookup'!$A:$A,0)),"Not found",IF(INDEX('Metabase Lookup'!$B:$B,MATCH(B43,'Metabase Lookup'!$A:$A,0))="","Pending",INDEX('Metabase Lookup'!$B:$B,MATCH(B43,'Metabase Lookup'!$A:$A,0)))) | W43: =IF(ISNA(MATCH(B43,'Metabase Lookup'!$A:$A,0)),"Not found",IF(INDEX('Metabase Lookup'!$C:$C,MATCH(B43,'Metabase Lookup'!$A:$A,0))="","Pending",INDEX('Metabase Lookup'!$C:$C,MATCH(B43,'Metabase Lookup'!$A:$A,0)))) | X43: =IF(ISNA(MATCH(B43,'Metabase Lookup'!$A:$A,0)),"",IF(INDEX('Metabase Lookup'!$D:$D,MATCH(B43,'Metabase Lookup'!$A:$A,0))="","",INDEX('Metabase Lookup'!$D:$D,MATCH(B43,'Metabase Lookup'!$A:$A,0)))) | Y43: =IF(ISNUMBER(W43),IF(W43>0,"Yes","No"),"Pending") | Z43: Driver not identified (OPS account)
A44: 43 | B44: NVMYKQURN000013676 | C44: 265702648865 | D44: 46286.499 | E44: 46286 | F44: Mon | G44: Northern | H44: JIT | I44: JIT - OPS - HUBJITRA | J44: OPS (generic hub account) | K44: 91845196 | L44: 1 | M44: LM | N44: Fake Fail | O44: Invalid call log (unspecified) | P44: No | Q44: No | R44: invalid call provided for failed delivery reason | S44: Aimenn Aiyad | T44: =COUNTIF($B$2:$B$499,B44) | U44: =COUNTIF($I$2:$I$499,I44) | V44: =IF(ISNA(MATCH(B44,'Metabase Lookup'!$A:$A,0)),"Not found",IF(INDEX('Metabase Lookup'!$B:$B,MATCH(B44,'Metabase Lookup'!$A:$A,0))="","Pending",INDEX('Metabase Lookup'!$B:$B,MATCH(B44,'Metabase Lookup'!$A:$A,0)))) | W44: =IF(ISNA(MATCH(B44,'Metabase Lookup'!$A:$A,0)),"Not found",IF(INDEX('Metabase Lookup'!$C:$C,MATCH(B44,'Metabase Lookup'!$A:$A,0))="","Pending",INDEX('Metabase Lookup'!$C:$C,MATCH(B44,'Metabase Lookup'!$A:$A,0)))) | X44: =IF(ISNA(MATCH(B44,'Metabase Lookup'!$A:$A,0)),"",IF(INDEX('Metabase Lookup'!$D:$D,MATCH(B44,'Metabase Lookup'!$A:$A,0))="","",INDEX('Metabase Lookup'!$D:$D,MATCH(B44,'Metabase Lookup'!$A:$A,0)))) | Y44: =IF(ISNUMBER(W44),IF(W44>0,"Yes","No"),"Pending") | Z44: Driver not identified (OPS account)
A45: 44 | B45: ESHP003312074 | C45: 260872647805 | D45: 46286.5 | E45: 46286 | F45: Mon | G45: KV | H45: DSA | I45: OPS - DSA | J45: OPS (generic hub account) | K45: 91844986 | L45: 1 | M45: LM | N45: Fake Fail | O45: No call / call log missing | P45: No | Q45: Yes | R45: fail by OPS. invalid POD no call log provided | S45: Aimenn Aiyad | T45: =COUNTIF($B$2:$B$499,B45) | U45: =COUNTIF($I$2:$I$499,I45) | V45: =IF(ISNA(MATCH(B45,'Metabase Lookup'!$A:$A,0)),"Not found",IF(INDEX('Metabase Lookup'!$B:$B,MATCH(B45,'Metabase Lookup'!$A:$A,0))="","Pending",INDEX('Metabase Lookup'!$B:$B,MATCH(B45,'Metabase Lookup'!$A:$A,0)))) | W45: =IF(ISNA(MATCH(B45,'Metabase Lookup'!$A:$A,0)),"Not found",IF(INDEX('Metabase Lookup'!$C:$C,MATCH(B45,'Metabase Lookup'!$A:$A,0))="","Pending",INDEX('Metabase Lookup'!$C:$C,MATCH(B45,'Metabase Lookup'!$A:$A,0)))) | X45: =IF(ISNA(MATCH(B45,'Metabase Lookup'!$A:$A,0)),"",IF(INDEX('Metabase Lookup'!$D:$D,MATCH(B45,'Metabase Lookup'!$A:$A,0))="","",INDEX('Metabase Lookup'!$D:$D,MATCH(B45,'Metabase Lookup'!$A:$A,0)))) | Y45: =IF(ISNUMBER(W45),IF(W45>0,"Yes","No"),"Pending") | Z45: Driver not identified (OPS account)
A46: 45 | B46: LSGMY5905428 | C46: 261342649595 | D46: 46286.501 | E46: 46286 | F46: Mon | G46: KV | H46: KLG | I46: KLG -OPS -MUZAFFAR | J46: OPS (generic hub account) | K46: 91844261 | L46: 1 | M46: LM | N46: Fake Fail | O46: Recycled / manipulated POD | P46: No | Q46: No | R46: driver attach invalid pod no call log attach and fake whasatpp | S46: Zati | T46: =COUNTIF($B$2:$B$499,B46) | U46: =COUNTIF($I$2:$I$499,I46) | V46: =IF(ISNA(MATCH(B46,'Metabase Lookup'!$A:$A,0)),"Not found",IF(INDEX('Metabase Lookup'!$B:$B,MATCH(B46,'Metabase Lookup'!$A:$A,0))="","Pending",INDEX('Metabase Lookup'!$B:$B,MATCH(B46,'Metabase Lookup'!$A:$A,0)))) | W46: =IF(ISNA(MATCH(B46,'Metabase Lookup'!$A:$A,0)),"Not found",IF(INDEX('Metabase Lookup'!$C:$C,MATCH(B46,'Metabase Lookup'!$A:$A,0))="","Pending",INDEX('Metabase Lookup'!$C:$C,MATCH(B46,'Metabase Lookup'!$A:$A,0)))) | X46: =IF(ISNA(MATCH(B46,'Metabase Lookup'!$A:$A,0)),"",IF(INDEX('Metabase Lookup'!$D:$D,MATCH(B46,'Metabase Lookup'!$A:$A,0))="","",INDEX('Metabase Lookup'!$D:$D,MATCH(B46,'Metabase Lookup'!$A:$A,0)))) | Y46: =IF(ISNUMBER(W46),IF(W46>0,"Yes","No"),"Pending") | Z46: Driver not identified (OPS account)
A47: 46 | B47: AEMYA000627832 | C47: 267052647992 | D47: 46286.502 | E47: 46286 | F47: Mon | G47: KV | H47: PJY | I47: OPS - PJY | J47: OPS (generic hub account) | K47: 91832170 | L47: 1 | M47: LM | N47: Fake Fail | O47: Wrong number called | P47: No | Q47: Yes | R47: fail by OPS. Invalid call log provided. Wrong number | S47: Aimenn Aiyad | T47: =COUNTIF($B$2:$B$499,B47) | U47: =COUNTIF($I$2:$I$499,I47) | V47: =IF(ISNA(MATCH(B47,'Metabase Lookup'!$A:$A,0)),"Not found",IF(INDEX('Metabase Lookup'!$B:$B,MATCH(B47,'Metabase Lookup'!$A:$A,0))="","Pending",INDEX('Metabase Lookup'!$B:$B,MATCH(B47,'Metabase Lookup'!$A:$A,0)))) | W47: =IF(ISNA(MATCH(B47,'Metabase Lookup'!$A:$A,0)),"Not found",IF(INDEX('Metabase Lookup'!$C:$C,MATCH(B47,'Metabase Lookup'!$A:$A,0))="","Pending",INDEX('Metabase Lookup'!$C:$C,MATCH(B47,'Metabase Lookup'!$A:$A,0)))) | X47: =IF(ISNA(MATCH(B47,'Metabase Lookup'!$A:$A,0)),"",IF(INDEX('Metabase Lookup'!$D:$D,MATCH(B47,'Metabase Lookup'!$A:$A,0))="","",INDEX('Metabase Lookup'!$D:$D,MATCH(B47,'Metabase Lookup'!$A:$A,0)))) | Y47: =IF(ISNUMBER(W47),IF(W47>0,"Yes","No"),"Pending") | Z47: Driver not identified (OPS account)
A48: 47 | B48: AEMYA000627254 | C48: 263072641602 | D48: 46286.503 | E48: 46286 | F48: Mon | G48: Southern | H48: GLG | I48: GLG - OPS - ENGKU | J48: OPS (generic hub account) | K48: 91836278 | L48: 1 | M48: LM | N48: Fake Fail | O48: No call / call log missing | P48: No | Q48: No | R48: no call upon failing. No call log provided | S48: Aimenn Aiyad | T48: =COUNTIF($B$2:$B$499,B48) | U48: =COUNTIF($I$2:$I$499,I48) | V48: =IF(ISNA(MATCH(B48,'Metabase Lookup'!$A:$A,0)),"Not found",IF(INDEX('Metabase Lookup'!$B:$B,MATCH(B48,'Metabase Lookup'!$A:$A,0))="","Pending",INDEX('Metabase Lookup'!$B:$B,MATCH(B48,'Metabase Lookup'!$A:$A,0)))) | W48: =IF(ISNA(MATCH(B48,'Metabase Lookup'!$A:$A,0)),"Not found",IF(INDEX('Metabase Lookup'!$C:$C,MATCH(B48,'Metabase Lookup'!$A:$A,0))="","Pending",INDEX('Metabase Lookup'!$C:$C,MATCH(B48,'Metabase Lookup'!$A:$A,0)))) | X48: =IF(ISNA(MATCH(B48,'Metabase Lookup'!$A:$A,0)),"",IF(INDEX('Metabase Lookup'!$D:$D,MATCH(B48,'Metabase Lookup'!$A:$A,0))="","",INDEX('Metabase Lookup'!$D:$D,MATCH(B48,'Metabase Lookup'!$A:$A,0)))) | Y48: =IF(ISNUMBER(W48),IF(W48>0,"Yes","No"),"Pending") | Z48: Driver not identified (OPS account)
A49: 48 | B49: NVMYPZXMS000047975 | C49: 261352644965 | D49: 46286.509 | E49: 46286 | F49: Mon | G49: Southern | H49: MAS | I49: MAS - ID - EZLYANA | MAS - ID - SALMA | J49: Multiple drivers | K49: 91826068, 91842527 | L49: 2 | M49: LM | N49: Fake Fail | O49: Recycled / manipulated POD | P49: Yes | Q49: No | R49: 91826068 - invalid call log & no dite photo 91842527 - recycle POD on 18/9 | S49: Yana | T49: =COUNTIF($B$2:$B$499,B49) | U49: =COUNTIF($I$2:$I$499,I49) | V49: =IF(ISNA(MATCH(B49,'Metabase Lookup'!$A:$A,0)),"Not found",IF(INDEX('Metabase Lookup'!$B:$B,MATCH(B49,'Metabase Lookup'!$A:$A,0))="","Pending",INDEX('Metabase Lookup'!$B:$B,MATCH(B49,'Metabase Lookup'!$A:$A,0)))) | W49: =IF(ISNA(MATCH(B49,'Metabase Lookup'!$A:$A,0)),"Not found",IF(INDEX('Metabase Lookup'!$C:$C,MATCH(B49,'Metabase Lookup'!$A:$A,0))="","Pending",INDEX('Metabase Lookup'!$C:$C,MATCH(B49,'Metabase Lookup'!$A:$A,0)))) | X49: =IF(ISNA(MATCH(B49,'Metabase Lookup'!$A:$A,0)),"",IF(INDEX('Metabase Lookup'!$D:$D,MATCH(B49,'Metabase Lookup'!$A:$A,0))="","",INDEX('Metabase Lookup'!$D:$D,MATCH(B49,'Metabase Lookup'!$A:$A,0)))) | Y49: =IF(ISNUMBER(W49),IF(W49>0,"Yes","No"),"Pending") | Z49: TID logged more than once; Multiple drivers in one row; Multiple route IDs
A50: 49 | B50: TNGE126047263325076000 | C50: 268982649215 | D50: 46286.511 | E50: 46286 | F50: Mon | G50: KV | H50: OUG | I50: OPS - OUG | J50: OPS (generic hub account) | K50: 91851659 | L50: 1 | M50: LM | N50: Fake Fail | O50: Invalid call log (unspecified) | P50: No | Q50: Yes | R50: Fail by Ops - invalid call log provided | S50: Aimenn Aiyad | T50: =COUNTIF($B$2:$B$499,B50) | U50: =COUNTIF($I$2:$I$499,I50) | V50: =IF(ISNA(MATCH(B50,'Metabase Lookup'!$A:$A,0)),"Not found",IF(INDEX('Metabase Lookup'!$B:$B,MATCH(B50,'Metabase Lookup'!$A:$A,0))="","Pending",INDEX('Metabase Lookup'!$B:$B,MATCH(B50,'Metabase Lookup'!$A:$A,0)))) | W50: =IF(ISNA(MATCH(B50,'Metabase Lookup'!$A:$A,0)),"Not found",IF(INDEX('Metabase Lookup'!$C:$C,MATCH(B50,'Metabase Lookup'!$A:$A,0))="","Pending",INDEX('Metabase Lookup'!$C:$C,MATCH(B50,'Metabase Lookup'!$A:$A,0)))) | X50: =IF(ISNA(MATCH(B50,'Metabase Lookup'!$A:$A,0)),"",IF(INDEX('Metabase Lookup'!$D:$D,MATCH(B50,'Metabase Lookup'!$A:$A,0))="","",INDEX('Metabase Lookup'!$D:$D,MATCH(B50,'Metabase Lookup'!$A:$A,0)))) | Y50: =IF(ISNUMBER(W50),IF(W50>0,"Yes","No"),"Pending") | Z50: Driver not identified (OPS account)
A51: 50 | B51: AJDHU1550037634185019392 | C51: 266692646505 | D51: 46286.511 | E51: 46286 | F51: Mon | G51: KV | H51: KEP | I51: Fairuz Yaacob | J51: Name only (no hub/code) | K51: 91838643 | L51: 1 | M51: LM | N51: Pull Out Route (POR) | R51: PULL OUT OF ROUTE on aziz khan at 2026-09-19 18:46:02 | S51: Yana | T51: =COUNTIF($B$2:$B$499,B51) | U51: =COUNTIF($I$2:$I$499,I51) | V51: =IF(ISNA(MATCH(B51,'Metabase Lookup'!$A:$A,0)),"Not found",IF(INDEX('Metabase Lookup'!$B:$B,MATCH(B51,'Metabase Lookup'!$A:$A,0))="","Pending",INDEX('Metabase Lookup'!$B:$B,MATCH(B51,'Metabase Lookup'!$A:$A,0)))) | W51: =IF(ISNA(MATCH(B51,'Metabase Lookup'!$A:$A,0)),"Not found",IF(INDEX('Metabase Lookup'!$C:$C,MATCH(B51,'Metabase Lookup'!$A:$A,0))="","Pending",INDEX('Metabase Lookup'!$C:$C,MATCH(B51,'Metabase Lookup'!$A:$A,0)))) | X51: =IF(ISNA(MATCH(B51,'Metabase Lookup'!$A:$A,0)),"",IF(INDEX('Metabase Lookup'!$D:$D,MATCH(B51,'Metabase Lookup'!$A:$A,0))="","",INDEX('Metabase Lookup'!$D:$D,MATCH(B51,'Metabase Lookup'!$A:$A,0)))) | Y51: =IF(ISNUMBER(W51),IF(W51>0,"Yes","No"),"Pending")
A52: 51 | B52: COTONW00041396747 | C52: 266972648106 | D52: 46286.514 | E52: 46286 | F52: Mon | G52: KV | H52: OUG | I52: OPS - OUG | J52: OPS (generic hub account) | K52: 91845008 | L52: 1 | M52: LM | N52: Fake Fail | O52: Invalid location / site photo | P52: Yes | Q52: No | R52: pod is not cust place | S52: Naveen | T52: =COUNTIF($B$2:$B$499,B52) | U52: =COUNTIF($I$2:$I$499,I52) | V52: =IF(ISNA(MATCH(B52,'Metabase Lookup'!$A:$A,0)),"Not found",IF(INDEX('Metabase Lookup'!$B:$B,MATCH(B52,'Metabase Lookup'!$A:$A,0))="","Pending",INDEX('Metabase Lookup'!$B:$B,MATCH(B52,'Metabase Lookup'!$A:$A,0)))) | W52: =IF(ISNA(MATCH(B52,'Metabase Lookup'!$A:$A,0)),"Not found",IF(INDEX('Metabase Lookup'!$C:$C,MATCH(B52,'Metabase Lookup'!$A:$A,0))="","Pending",INDEX('Metabase Lookup'!$C:$C,MATCH(B52,'Metabase Lookup'!$A:$A,0)))) | X52: =IF(ISNA(MATCH(B52,'Metabase Lookup'!$A:$A,0)),"",IF(INDEX('Metabase Lookup'!$D:$D,MATCH(B52,'Metabase Lookup'!$A:$A,0))="","",INDEX('Metabase Lookup'!$D:$D,MATCH(B52,'Metabase Lookup'!$A:$A,0)))) | Y52: =IF(ISNUMBER(W52),IF(W52>0,"Yes","No"),"Pending") | Z52: Driver not identified (OPS account)
A53: 52 | B53: MASTR1548469847196155904 | C53: 267402647262 | D53: 46286.517 | E53: 46286 | F53: Mon | G53: South West | H53: SBN | I53: ZAMRILL - OPS - SBN | DAARSHAN - OPS - SBN | J53: Multiple drivers | K53: 91823196, 91845019 | L53: 2 | M53: LM | N53: Fake Fail | O53: Invalid POD (no detail) | P53: No | Q53: No | R53: POD invalid and picture is not cx office for the 2nd attempt | S53: Naveen | T53: =COUNTIF($B$2:$B$499,B53) | U53: =COUNTIF($I$2:$I$499,I53) | V53: =IF(ISNA(MATCH(B53,'Metabase Lookup'!$A:$A,0)),"Not found",IF(INDEX('Metabase Lookup'!$B:$B,MATCH(B53,'Metabase Lookup'!$A:$A,0))="","Pending",INDEX('Metabase Lookup'!$B:$B,MATCH(B53,'Metabase Lookup'!$A:$A,0)))) | W53: =IF(ISNA(MATCH(B53,'Metabase Lookup'!$A:$A,0)),"Not found",IF(INDEX('Metabase Lookup'!$C:$C,MATCH(B53,'Metabase Lookup'!$A:$A,0))="","Pending",INDEX('Metabase Lookup'!$C:$C,MATCH(B53,'Metabase Lookup'!$A:$A,0)))) | X53: =IF(ISNA(MATCH(B53,'Metabase Lookup'!$A:$A,0)),"",IF(INDEX('Metabase Lookup'!$D:$D,MATCH(B53,'Metabase Lookup'!$A:$A,0))="","",INDEX('Metabase Lookup'!$D:$D,MATCH(B53,'Metabase Lookup'!$A:$A,0)))) | Y53: =IF(ISNUMBER(W53),IF(W53>0,"Yes","No"),"Pending") | Z53: Multiple drivers in one row; Multiple route IDs
A54: 53 | B54: TNGDV2609036836185310 | C54: 261252618267 | D54: 46286.52 | E54: 46286 | F54: Mon | G54: KV | H54: RBY | I54: RBY - ID - HARIZ FITRI | J54: ID (named driver) | K54: 91757064 | L54: 1 | M54: LM | N54: Fake Success | R54: invalid pod, no show unit | S54: Abdul | T54: =COUNTIF($B$2:$B$499,B54) | U54: =COUNTIF($I$2:$I$499,I54) | V54: =IF(ISNA(MATCH(B54,'Metabase Lookup'!$A:$A,0)),"Not found",IF(INDEX('Metabase Lookup'!$B:$B,MATCH(B54,'Metabase Lookup'!$A:$A,0))="","Pending",INDEX('Metabase Lookup'!$B:$B,MATCH(B54,'Metabase Lookup'!$A:$A,0)))) | W54: =IF(ISNA(MATCH(B54,'Metabase Lookup'!$A:$A,0)),"Not found",IF(INDEX('Metabase Lookup'!$C:$C,MATCH(B54,'Metabase Lookup'!$A:$A,0))="","Pending",INDEX('Metabase Lookup'!$C:$C,MATCH(B54,'Metabase Lookup'!$A:$A,0)))) | X54: =IF(ISNA(MATCH(B54,'Metabase Lookup'!$A:$A,0)),"",IF(INDEX('Metabase Lookup'!$D:$D,MATCH(B54,'Metabase Lookup'!$A:$A,0))="","",INDEX('Metabase Lookup'!$D:$D,MATCH(B54,'Metabase Lookup'!$A:$A,0)))) | Y54: =IF(ISNUMBER(W54),IF(W54>0,"Yes","No"),"Pending")
A55: 54 | B55: NVMYPZXMS000047968 | C55: 268642646742 | D55: 46286.523 | E55: 46286 | F55: Mon | G55: North West | H55: SAR | I55: SAR - OPS - ROUTE OPS | J55: OPS (generic hub account) | K55: 91827333 | L55: 1 | M55: LM | N55: Fake Fail | O55: Invalid POD (no detail) | P55: No | Q55: No | R55: Invalid POD | S55: Naveen | T55: =COUNTIF($B$2:$B$499,B55) | U55: =COUNTIF($I$2:$I$499,I55) | V55: =IF(ISNA(MATCH(B55,'Metabase Lookup'!$A:$A,0)),"Not found",IF(INDEX('Metabase Lookup'!$B:$B,MATCH(B55,'Metabase Lookup'!$A:$A,0))="","Pending",INDEX('Metabase Lookup'!$B:$B,MATCH(B55,'Metabase Lookup'!$A:$A,0)))) | W55: =IF(ISNA(MATCH(B55,'Metabase Lookup'!$A:$A,0)),"Not found",IF(INDEX('Metabase Lookup'!$C:$C,MATCH(B55,'Metabase Lookup'!$A:$A,0))="","Pending",INDEX('Metabase Lookup'!$C:$C,MATCH(B55,'Metabase Lookup'!$A:$A,0)))) | X55: =IF(ISNA(MATCH(B55,'Metabase Lookup'!$A:$A,0)),"",IF(INDEX('Metabase Lookup'!$D:$D,MATCH(B55,'Metabase Lookup'!$A:$A,0))="","",INDEX('Metabase Lookup'!$D:$D,MATCH(B55,'Metabase Lookup'!$A:$A,0)))) | Y55: =IF(ISNUMBER(W55),IF(W55>0,"Yes","No"),"Pending") | Z55: Driver not identified (OPS account)
A56: 55 | B56: NVMYNINJA002509240 | C56: 265562641307 | D56: 46286.525 | E56: 46286 | F56: Mon | G56: Northern | H56: JIT | I56: JIT - OPS - HUBJITRA | J56: OPS (generic hub account) | K56: 91836574 | L56: 1 | M56: LM | N56: Fake Fail | O56: Invalid call log (unspecified) | P56: No | Q56: No | R56: invalid call log provided | S56: Hartini | T56: =COUNTIF($B$2:$B$499,B56) | U56: =COUNTIF($I$2:$I$499,I56) | V56: =IF(ISNA(MATCH(B56,'Metabase Lookup'!$A:$A,0)),"Not found",IF(INDEX('Metabase Lookup'!$B:$B,MATCH(B56,'Metabase Lookup'!$A:$A,0))="","Pending",INDEX('Metabase Lookup'!$B:$B,MATCH(B56,'Metabase Lookup'!$A:$A,0)))) | W56: =IF(ISNA(MATCH(B56,'Metabase Lookup'!$A:$A,0)),"Not found",IF(INDEX('Metabase Lookup'!$C:$C,MATCH(B56,'Metabase Lookup'!$A:$A,0))="","Pending",INDEX('Metabase Lookup'!$C:$C,MATCH(B56,'Metabase Lookup'!$A:$A,0)))) | X56: =IF(ISNA(MATCH(B56,'Metabase Lookup'!$A:$A,0)),"",IF(INDEX('Metabase Lookup'!$D:$D,MATCH(B56,'Metabase Lookup'!$A:$A,0))="","",INDEX('Metabase Lookup'!$D:$D,MATCH(B56,'Metabase Lookup'!$A:$A,0)))) | Y56: =IF(ISNUMBER(W56),IF(W56>0,"Yes","No"),"Pending") | Z56: Driver not identified (OPS account)
A57: 56 | B57: RYTDBZVLUL38BLH | C57: 269312618813 | D57: 46286.526 | E57: 46286 | F57: Mon | G57: East MY | H57: SMM | I57: SMM - ID - NAZREI | J57: ID (named driver) | K57: 91794491 | L57: 1 | M57: LM | N57: Fake Success | R57: cust didnt received | S57: Abdul | T57: =COUNTIF($B$2:$B$499,B57) | U57: =COUNTIF($I$2:$I$499,I57) | V57: =IF(ISNA(MATCH(B57,'Metabase Lookup'!$A:$A,0)),"Not found",IF(INDEX('Metabase Lookup'!$B:$B,MATCH(B57,'Metabase Lookup'!$A:$A,0))="","Pending",INDEX('Metabase Lookup'!$B:$B,MATCH(B57,'Metabase Lookup'!$A:$A,0)))) | W57: =IF(ISNA(MATCH(B57,'Metabase Lookup'!$A:$A,0)),"Not found",IF(INDEX('Metabase Lookup'!$C:$C,MATCH(B57,'Metabase Lookup'!$A:$A,0))="","Pending",INDEX('Metabase Lookup'!$C:$C,MATCH(B57,'Metabase Lookup'!$A:$A,0)))) | X57: =IF(ISNA(MATCH(B57,'Metabase Lookup'!$A:$A,0)),"",IF(INDEX('Metabase Lookup'!$D:$D,MATCH(B57,'Metabase Lookup'!$A:$A,0))="","",INDEX('Metabase Lookup'!$D:$D,MATCH(B57,'Metabase Lookup'!$A:$A,0)))) | Y57: =IF(ISNUMBER(W57),IF(W57>0,"Yes","No"),"Pending")
A58: 57 | B58: TNGEO202608261001243193 | C58: 263432601312 | D58: 46286.53 | E58: 46286 | F58: Mon | G58: KV | H58: RWG | I58: RWG - HR - NUR ZULAIKHA | J58: HR (named) | K58: 91783744 | L58: 1 | M58: LM | N58: Fake Success | R58: cus receives parcel on 20/9 after made a complaint | S58: Yana | T58: =COUNTIF($B$2:$B$499,B58) | U58: =COUNTIF($I$2:$I$499,I58) | V58: =IF(ISNA(MATCH(B58,'Metabase Lookup'!$A:$A,0)),"Not found",IF(INDEX('Metabase Lookup'!$B:$B,MATCH(B58,'Metabase Lookup'!$A:$A,0))="","Pending",INDEX('Metabase Lookup'!$B:$B,MATCH(B58,'Metabase Lookup'!$A:$A,0)))) | W58: =IF(ISNA(MATCH(B58,'Metabase Lookup'!$A:$A,0)),"Not found",IF(INDEX('Metabase Lookup'!$C:$C,MATCH(B58,'Metabase Lookup'!$A:$A,0))="","Pending",INDEX('Metabase Lookup'!$C:$C,MATCH(B58,'Metabase Lookup'!$A:$A,0)))) | X58: =IF(ISNA(MATCH(B58,'Metabase Lookup'!$A:$A,0)),"",IF(INDEX('Metabase Lookup'!$D:$D,MATCH(B58,'Metabase Lookup'!$A:$A,0))="","",INDEX('Metabase Lookup'!$D:$D,MATCH(B58,'Metabase Lookup'!$A:$A,0)))) | Y58: =IF(ISNUMBER(W58),IF(W58>0,"Yes","No"),"Pending")
A59: 58 | B59: NVMYZAFES000476028 | C59: 268732647378 | D59: 46286.531 | E59: 46286 | F59: Mon | G59: Southern | H59: AUS | I59: IZRAFIL KADIR | J59: Name only (no hub/code) | K59: 91765015 | L59: 1 | M59: LM | N59: CMI (Can't Make It) | R59: FORCED FAILURE | S59: Naveen | T59: =COUNTIF($B$2:$B$499,B59) | U59: =COUNTIF($I$2:$I$499,I59) | V59: =IF(ISNA(MATCH(B59,'Metabase Lookup'!$A:$A,0)),"Not found",IF(INDEX('Metabase Lookup'!$B:$B,MATCH(B59,'Metabase Lookup'!$A:$A,0))="","Pending",INDEX('Metabase Lookup'!$B:$B,MATCH(B59,'Metabase Lookup'!$A:$A,0)))) | W59: =IF(ISNA(MATCH(B59,'Metabase Lookup'!$A:$A,0)),"Not found",IF(INDEX('Metabase Lookup'!$C:$C,MATCH(B59,'Metabase Lookup'!$A:$A,0))="","Pending",INDEX('Metabase Lookup'!$C:$C,MATCH(B59,'Metabase Lookup'!$A:$A,0)))) | X59: =IF(ISNA(MATCH(B59,'Metabase Lookup'!$A:$A,0)),"",IF(INDEX('Metabase Lookup'!$D:$D,MATCH(B59,'Metabase Lookup'!$A:$A,0))="","",INDEX('Metabase Lookup'!$D:$D,MATCH(B59,'Metabase Lookup'!$A:$A,0)))) | Y59: =IF(ISNUMBER(W59),IF(W59>0,"Yes","No"),"Pending") | Z59: TID logged more than once
A60: 59 | B60: NVMYDOCMY000088025 | C60: 264822646933 | D60: 46286.536 | E60: 46286 | F60: Mon | G60: South West | H60: BHU | I60: BHU - OPS - IMAN | J60: OPS (generic hub account) | K60: 91835659 | L60: 1 | M60: LM | N60: Fake Fail | O60: Invalid POD (no detail) | P60: No | Q60: No | R60: Invalid POD | S60: Naveen | T60: =COUNTIF($B$2:$B$499,B60) | U60: =COUNTIF($I$2:$I$499,I60) | V60: =IF(ISNA(MATCH(B60,'Metabase Lookup'!$A:$A,0)),"Not found",IF(INDEX('Metabase Lookup'!$B:$B,MATCH(B60,'Metabase Lookup'!$A:$A,0))="","Pending",INDEX('Metabase Lookup'!$B:$B,MATCH(B60,'Metabase Lookup'!$A:$A,0)))) | W60: =IF(ISNA(MATCH(B60,'Metabase Lookup'!$A:$A,0)),"Not found",IF(INDEX('Metabase Lookup'!$C:$C,MATCH(B60,'Metabase Lookup'!$A:$A,0))="","Pending",INDEX('Metabase Lookup'!$C:$C,MATCH(B60,'Metabase Lookup'!$A:$A,0)))) | X60: =IF(ISNA(MATCH(B60,'Metabase Lookup'!$A:$A,0)),"",IF(INDEX('Metabase Lookup'!$D:$D,MATCH(B60,'Metabase Lookup'!$A:$A,0))="","",INDEX('Metabase Lookup'!$D:$D,MATCH(B60,'Metabase Lookup'!$A:$A,0)))) | Y60: =IF(ISNUMBER(W60),IF(W60>0,"Yes","No"),"Pending") | Z60: Driver not identified (OPS account)
A61: 60 | B61: TNGDV2609046829976170 | C61: 266532600357 | D61: 46286.537 | E61: 46286 | F61: Mon | G61: East MY | H61: BKW | I61: KAMARUL BIN AWANG HARUN | J61: Name only (no hub/code) | K61: 91781626 | L61: 1 | M61: LM | N61: Deliver to Wrong Address | R61: driver del to wrong address, revert completed on 2026-09-21 10:00:07 | S61: Yana | T61: =COUNTIF($B$2:$B$499,B61) | U61: =COUNTIF($I$2:$I$499,I61) | V61: =IF(ISNA(MATCH(B61,'Metabase Lookup'!$A:$A,0)),"Not found",IF(INDEX('Metabase Lookup'!$B:$B,MATCH(B61,'Metabase Lookup'!$A:$A,0))="","Pending",INDEX('Metabase Lookup'!$B:$B,MATCH(B61,'Metabase Lookup'!$A:$A,0)))) | W61: =IF(ISNA(MATCH(B61,'Metabase Lookup'!$A:$A,0)),"Not found",IF(INDEX('Metabase Lookup'!$C:$C,MATCH(B61,'Metabase Lookup'!$A:$A,0))="","Pending",INDEX('Metabase Lookup'!$C:$C,MATCH(B61,'Metabase Lookup'!$A:$A,0)))) | X61: =IF(ISNA(MATCH(B61,'Metabase Lookup'!$A:$A,0)),"",IF(INDEX('Metabase Lookup'!$D:$D,MATCH(B61,'Metabase Lookup'!$A:$A,0))="","",INDEX('Metabase Lookup'!$D:$D,MATCH(B61,'Metabase Lookup'!$A:$A,0)))) | Y61: =IF(ISNUMBER(W61),IF(W61>0,"Yes","No"),"Pending")
A62: 61 | B62: NVMY47403000011228 | C62: 263752649404 | D62: 46286.541 | E62: 46286 | F62: Mon | G62: Northern | H62: BTS | I62: SELF COLLECT BERTAM PUTRA | BTS - OPS - PINANG TUNGGAL | J62: Multiple drivers | K62: 91781905, 91845173 | L62: 2 | M62: LM | N62: Fake Fail | O62: Customer disputes attempt | P62: No | Q62: No | R62: cust claim did not receive any call/ws from driver | S62: Naveen | T62: =COUNTIF($B$2:$B$499,B62) | U62: =COUNTIF($I$2:$I$499,I62) | V62: =IF(ISNA(MATCH(B62,'Metabase Lookup'!$A:$A,0)),"Not found",IF(INDEX('Metabase Lookup'!$B:$B,MATCH(B62,'Metabase Lookup'!$A:$A,0))="","Pending",INDEX('Metabase Lookup'!$B:$B,MATCH(B62,'Metabase Lookup'!$A:$A,0)))) | W62: =IF(ISNA(MATCH(B62,'Metabase Lookup'!$A:$A,0)),"Not found",IF(INDEX('Metabase Lookup'!$C:$C,MATCH(B62,'Metabase Lookup'!$A:$A,0))="","Pending",INDEX('Metabase Lookup'!$C:$C,MATCH(B62,'Metabase Lookup'!$A:$A,0)))) | X62: =IF(ISNA(MATCH(B62,'Metabase Lookup'!$A:$A,0)),"",IF(INDEX('Metabase Lookup'!$D:$D,MATCH(B62,'Metabase Lookup'!$A:$A,0))="","",INDEX('Metabase Lookup'!$D:$D,MATCH(B62,'Metabase Lookup'!$A:$A,0)))) | Y62: =IF(ISNUMBER(W62),IF(W62>0,"Yes","No"),"Pending") | Z62: Multiple drivers in one row; Multiple route IDs
A63: 62 | B63: PETSMPTC243536 | C63: 264502648076 | D63: 46286.544 | E63: 46286 | F63: Mon | G63: Southern | H63: NSJ | I63: OPS - NSJ | J63: OPS (generic hub account) | K63: 91844859 | L63: 1 | M63: LM | N63: Fake Fail | O63: Invalid POD (no detail) | P63: No | Q63: No | R63: Cust havent rec any call and POD invalid | S63: Naveen | T63: =COUNTIF($B$2:$B$499,B63) | U63: =COUNTIF($I$2:$I$499,I63) | V63: =IF(ISNA(MATCH(B63,'Metabase Lookup'!$A:$A,0)),"Not found",IF(INDEX('Metabase Lookup'!$B:$B,MATCH(B63,'Metabase Lookup'!$A:$A,0))="","Pending",INDEX('Metabase Lookup'!$B:$B,MATCH(B63,'Metabase Lookup'!$A:$A,0)))) | W63: =IF(ISNA(MATCH(B63,'Metabase Lookup'!$A:$A,0)),"Not found",IF(INDEX('Metabase Lookup'!$C:$C,MATCH(B63,'Metabase Lookup'!$A:$A,0))="","Pending",INDEX('Metabase Lookup'!$C:$C,MATCH(B63,'Metabase Lookup'!$A:$A,0)))) | X63: =IF(ISNA(MATCH(B63,'Metabase Lookup'!$A:$A,0)),"",IF(INDEX('Metabase Lookup'!$D:$D,MATCH(B63,'Metabase Lookup'!$A:$A,0))="","",INDEX('Metabase Lookup'!$D:$D,MATCH(B63,'Metabase Lookup'!$A:$A,0)))) | Y63: =IF(ISNUMBER(W63),IF(W63>0,"Yes","No"),"Pending") | Z63: Driver not identified (OPS account)
A64: 63 | B64: TNGDV2608316789446580 | C64: 263822641704 | D64: 46286.545 | E64: 46286 | F64: Mon | G64: KV | H64: CJY | I64: CJY - ID - RICHARD DASS | J64: ID (named driver) | K64: 91714565 | L64: 1 | M64: LM | N64: Deliver to Wrong Address | R64: Driver del to wrong house, cust cannot recognize the address as in POD | S64: Syak | T64: =COUNTIF($B$2:$B$499,B64) | U64: =COUNTIF($I$2:$I$499,I64) | V64: =IF(ISNA(MATCH(B64,'Metabase Lookup'!$A:$A,0)),"Not found",IF(INDEX('Metabase Lookup'!$B:$B,MATCH(B64,'Metabase Lookup'!$A:$A,0))="","Pending",INDEX('Metabase Lookup'!$B:$B,MATCH(B64,'Metabase Lookup'!$A:$A,0)))) | W64: =IF(ISNA(MATCH(B64,'Metabase Lookup'!$A:$A,0)),"Not found",IF(INDEX('Metabase Lookup'!$C:$C,MATCH(B64,'Metabase Lookup'!$A:$A,0))="","Pending",INDEX('Metabase Lookup'!$C:$C,MATCH(B64,'Metabase Lookup'!$A:$A,0)))) | X64: =IF(ISNA(MATCH(B64,'Metabase Lookup'!$A:$A,0)),"",IF(INDEX('Metabase Lookup'!$D:$D,MATCH(B64,'Metabase Lookup'!$A:$A,0))="","",INDEX('Metabase Lookup'!$D:$D,MATCH(B64,'Metabase Lookup'!$A:$A,0)))) | Y64: =IF(ISNUMBER(W64),IF(W64>0,"Yes","No"),"Pending")
A65: 64 | B65: AEMYA000629320 | C65: 268972641628 | D65: 46286.546 | E65: 46286 | F65: Mon | G65: KV | H65: OUG | I65: OPS - OUG | J65: OPS (generic hub account) | K65: 91845014 | L65: 1 | M65: LM | N65: Fake Fail | O65: Customer disputes attempt | P65: No | Q65: No | R65: not receive any call/ws from driver | S65: Naveen | T65: =COUNTIF($B$2:$B$499,B65) | U65: =COUNTIF($I$2:$I$499,I65) | V65: =IF(ISNA(MATCH(B65,'Metabase Lookup'!$A:$A,0)),"Not found",IF(INDEX('Metabase Lookup'!$B:$B,MATCH(B65,'Metabase Lookup'!$A:$A,0))="","Pending",INDEX('Metabase Lookup'!$B:$B,MATCH(B65,'Metabase Lookup'!$A:$A,0)))) | W65: =IF(ISNA(MATCH(B65,'Metabase Lookup'!$A:$A,0)),"Not found",IF(INDEX('Metabase Lookup'!$C:$C,MATCH(B65,'Metabase Lookup'!$A:$A,0))="","Pending",INDEX('Metabase Lookup'!$C:$C,MATCH(B65,'Metabase Lookup'!$A:$A,0)))) | X65: =IF(ISNA(MATCH(B65,'Metabase Lookup'!$A:$A,0)),"",IF(INDEX('Metabase Lookup'!$D:$D,MATCH(B65,'Metabase Lookup'!$A:$A,0))="","",INDEX('Metabase Lookup'!$D:$D,MATCH(B65,'Metabase Lookup'!$A:$A,0)))) | Y65: =IF(ISNUMBER(W65),IF(W65>0,"Yes","No"),"Pending") | Z65: Driver not identified (OPS account)
A66: 65 | B66: NVMY45537000029805 | C66: 261952642138 | D66: 46286.549 | E66: 46286 | F66: Mon | G66: KV | H66: CJY | I66: OPS - CJY - MUHAMMAD ARIF | J66: OPS (generic hub account) | K66: 91845024 | L66: 1 | M66: LM | N66: Fake Fail | O66: Call not connected / no response | P66: Yes | Q66: No | R66: invalid call log same minute invalid location | S66: Ninja Hadif | T66: =COUNTIF($B$2:$B$499,B66) | U66: =COUNTIF($I$2:$I$499,I66) | V66: =IF(ISNA(MATCH(B66,'Metabase Lookup'!$A:$A,0)),"Not found",IF(INDEX('Metabase Lookup'!$B:$B,MATCH(B66,'Metabase Lookup'!$A:$A,0))="","Pending",INDEX('Metabase Lookup'!$B:$B,MATCH(B66,'Metabase Lookup'!$A:$A,0)))) | W66: =IF(ISNA(MATCH(B66,'Metabase Lookup'!$A:$A,0)),"Not found",IF(INDEX('Metabase Lookup'!$C:$C,MATCH(B66,'Metabase Lookup'!$A:$A,0))="","Pending",INDEX('Metabase Lookup'!$C:$C,MATCH(B66,'Metabase Lookup'!$A:$A,0)))) | X66: =IF(ISNA(MATCH(B66,'Metabase Lookup'!$A:$A,0)),"",IF(INDEX('Metabase Lookup'!$D:$D,MATCH(B66,'Metabase Lookup'!$A:$A,0))="","",INDEX('Metabase Lookup'!$D:$D,MATCH(B66,'Metabase Lookup'!$A:$A,0)))) | Y66: =IF(ISNUMBER(W66),IF(W66>0,"Yes","No"),"Pending") | Z66: TID had stray spaces/line breaks (cleaned); Driver not identified (OPS account)
A67: 66 | B67: NVMYCRGMABP3853537 | C67: 261312640905 | D67: 46286.553 | E67: 46286 | F67: Mon | G67: KV | H67: SHA | I67: NOOR IDAYU | J67: Name only (no hub/code) | K67: 91809688 | L67: 1 | M67: LM | N67: Deliver to Wrong Address | R67: parcel deliver to wrong mailbox - revert completed on 2026-09-21 12:11:27 | S67: Yana | T67: =COUNTIF($B$2:$B$499,B67) | U67: =COUNTIF($I$2:$I$499,I67) | V67: =IF(ISNA(MATCH(B67,'Metabase Lookup'!$A:$A,0)),"Not found",IF(INDEX('Metabase Lookup'!$B:$B,MATCH(B67,'Metabase Lookup'!$A:$A,0))="","Pending",INDEX('Metabase Lookup'!$B:$B,MATCH(B67,'Metabase Lookup'!$A:$A,0)))) | W67: =IF(ISNA(MATCH(B67,'Metabase Lookup'!$A:$A,0)),"Not found",IF(INDEX('Metabase Lookup'!$C:$C,MATCH(B67,'Metabase Lookup'!$A:$A,0))="","Pending",INDEX('Metabase Lookup'!$C:$C,MATCH(B67,'Metabase Lookup'!$A:$A,0)))) | X67: =IF(ISNA(MATCH(B67,'Metabase Lookup'!$A:$A,0)),"",IF(INDEX('Metabase Lookup'!$D:$D,MATCH(B67,'Metabase Lookup'!$A:$A,0))="","",INDEX('Metabase Lookup'!$D:$D,MATCH(B67,'Metabase Lookup'!$A:$A,0)))) | Y67: =IF(ISNUMBER(W67),IF(W67>0,"Yes","No"),"Pending")
A68: 67 | B68: WNJMY00535212908 | C68: 263842640728 | D68: 46286.556 | E68: 46286 | F68: Mon | G68: East MY | H68: BKW | I68: BKW - OPS - SELFCOLLECT | J68: OPS (generic hub account) | K68: 91845012 | L68: 1 | M68: LM | N68: Fake Fail | O68: Invalid POD (no detail) | P68: No | Q68: No | R68: invalid POD | S68: Naveen | T68: =COUNTIF($B$2:$B$499,B68) | U68: =COUNTIF($I$2:$I$499,I68) | V68: =IF(ISNA(MATCH(B68,'Metabase Lookup'!$A:$A,0)),"Not found",IF(INDEX('Metabase Lookup'!$B:$B,MATCH(B68,'Metabase Lookup'!$A:$A,0))="","Pending",INDEX('Metabase Lookup'!$B:$B,MATCH(B68,'Metabase Lookup'!$A:$A,0)))) | W68: =IF(ISNA(MATCH(B68,'Metabase Lookup'!$A:$A,0)),"Not found",IF(INDEX('Metabase Lookup'!$C:$C,MATCH(B68,'Metabase Lookup'!$A:$A,0))="","Pending",INDEX('Metabase Lookup'!$C:$C,MATCH(B68,'Metabase Lookup'!$A:$A,0)))) | X68: =IF(ISNA(MATCH(B68,'Metabase Lookup'!$A:$A,0)),"",IF(INDEX('Metabase Lookup'!$D:$D,MATCH(B68,'Metabase Lookup'!$A:$A,0))="","",INDEX('Metabase Lookup'!$D:$D,MATCH(B68,'Metabase Lookup'!$A:$A,0)))) | Y68: =IF(ISNUMBER(W68),IF(W68>0,"Yes","No"),"Pending") | Z68: Driver not identified (OPS account)
A69: 68 | B69: NVMYNXG3S000023005 | C69: 265082580589 | D69: 46286.563 | E69: 46286 | F69: Mon | G69: Northern | H69: GEO | I69: GEO - ID - SHAFIEQAAL | J69: ID (named driver) | K69: 91803158 | L69: 1 | M69: LM | N69: Fake Success | R69: driver success the parcel before delivered customer | S69: Aimenn Aiyad | T69: =COUNTIF($B$2:$B$499,B69) | U69: =COUNTIF($I$2:$I$499,I69) | V69: =IF(ISNA(MATCH(B69,'Metabase Lookup'!$A:$A,0)),"Not found",IF(INDEX('Metabase Lookup'!$B:$B,MATCH(B69,'Metabase Lookup'!$A:$A,0))="","Pending",INDEX('Metabase Lookup'!$B:$B,MATCH(B69,'Metabase Lookup'!$A:$A,0)))) | W69: =IF(ISNA(MATCH(B69,'Metabase Lookup'!$A:$A,0)),"Not found",IF(INDEX('Metabase Lookup'!$C:$C,MATCH(B69,'Metabase Lookup'!$A:$A,0))="","Pending",INDEX('Metabase Lookup'!$C:$C,MATCH(B69,'Metabase Lookup'!$A:$A,0)))) | X69: =IF(ISNA(MATCH(B69,'Metabase Lookup'!$A:$A,0)),"",IF(INDEX('Metabase Lookup'!$D:$D,MATCH(B69,'Metabase Lookup'!$A:$A,0))="","",INDEX('Metabase Lookup'!$D:$D,MATCH(B69,'Metabase Lookup'!$A:$A,0)))) | Y69: =IF(ISNUMBER(W69),IF(W69>0,"Yes","No"),"Pending")
A70: 69 | B70: ZRS4115713219939 | C70: 266862597108 | D70: 46286.579 | E70: 46286 | F70: Mon | G70: KV | H70: SHA | I70: Mohd Azizi | J70: Name only (no hub/code) | K70: 91763992 | L70: 1 | M70: LM | N70: Lost Item | R70: Recovery declare lost under driver | S70: Yana | T70: =COUNTIF($B$2:$B$499,B70) | U70: =COUNTIF($I$2:$I$499,I70) | V70: =IF(ISNA(MATCH(B70,'Metabase Lookup'!$A:$A,0)),"Not found",IF(INDEX('Metabase Lookup'!$B:$B,MATCH(B70,'Metabase Lookup'!$A:$A,0))="","Pending",INDEX('Metabase Lookup'!$B:$B,MATCH(B70,'Metabase Lookup'!$A:$A,0)))) | W70: =IF(ISNA(MATCH(B70,'Metabase Lookup'!$A:$A,0)),"Not found",IF(INDEX('Metabase Lookup'!$C:$C,MATCH(B70,'Metabase Lookup'!$A:$A,0))="","Pending",INDEX('Metabase Lookup'!$C:$C,MATCH(B70,'Metabase Lookup'!$A:$A,0)))) | X70: =IF(ISNA(MATCH(B70,'Metabase Lookup'!$A:$A,0)),"",IF(INDEX('Metabase Lookup'!$D:$D,MATCH(B70,'Metabase Lookup'!$A:$A,0))="","",INDEX('Metabase Lookup'!$D:$D,MATCH(B70,'Metabase Lookup'!$A:$A,0)))) | Y70: =IF(ISNUMBER(W70),IF(W70>0,"Yes","No"),"Pending")
A71: 70 | B71: TNGDV2609096865669450 | C71: 264232600843 | D71: 46286.583 | E71: 46286 | F71: Mon | G71: Southern | H71: MAS | I71: MAS - ID - ZULKARNIAN | J71: ID (named driver) | K71: 91788977 | L71: 1 | M71: LM | N71: Lost Item | R71: driver fake success which leads to lost | S71: Aimenn Aiyad | T71: =COUNTIF($B$2:$B$499,B71) | U71: =COUNTIF($I$2:$I$499,I71) | V71: =IF(ISNA(MATCH(B71,'Metabase Lookup'!$A:$A,0)),"Not found",IF(INDEX('Metabase Lookup'!$B:$B,MATCH(B71,'Metabase Lookup'!$A:$A,0))="","Pending",INDEX('Metabase Lookup'!$B:$B,MATCH(B71,'Metabase Lookup'!$A:$A,0)))) | W71: =IF(ISNA(MATCH(B71,'Metabase Lookup'!$A:$A,0)),"Not found",IF(INDEX('Metabase Lookup'!$C:$C,MATCH(B71,'Metabase Lookup'!$A:$A,0))="","Pending",INDEX('Metabase Lookup'!$C:$C,MATCH(B71,'Metabase Lookup'!$A:$A,0)))) | X71: =IF(ISNA(MATCH(B71,'Metabase Lookup'!$A:$A,0)),"",IF(INDEX('Metabase Lookup'!$D:$D,MATCH(B71,'Metabase Lookup'!$A:$A,0))="","",INDEX('Metabase Lookup'!$D:$D,MATCH(B71,'Metabase Lookup'!$A:$A,0)))) | Y71: =IF(ISNUMBER(W71),IF(W71>0,"Yes","No"),"Pending")
A72: 71 | B72: TNGDV2609156948986000 | C72: 268692640801 | D72: 46286.586 | E72: 46286 | F72: Mon | G72: KV | H72: BAN | I72: OPS - MUHAMMAD NOOR SYARWAN | J72: OPS (generic hub account) | K72: 91845027 | L72: 1 | M72: LM | N72: Fake Fail | O72: Invalid POD (no detail) | P72: No | Q72: No | R72: Invalid POD | S72: Naveen | T72: =COUNTIF($B$2:$B$499,B72) | U72: =COUNTIF($I$2:$I$499,I72) | V72: =IF(ISNA(MATCH(B72,'Metabase Lookup'!$A:$A,0)),"Not found",IF(INDEX('Metabase Lookup'!$B:$B,MATCH(B72,'Metabase Lookup'!$A:$A,0))="","Pending",INDEX('Metabase Lookup'!$B:$B,MATCH(B72,'Metabase Lookup'!$A:$A,0)))) | W72: =IF(ISNA(MATCH(B72,'Metabase Lookup'!$A:$A,0)),"Not found",IF(INDEX('Metabase Lookup'!$C:$C,MATCH(B72,'Metabase Lookup'!$A:$A,0))="","Pending",INDEX('Metabase Lookup'!$C:$C,MATCH(B72,'Metabase Lookup'!$A:$A,0)))) | X72: =IF(ISNA(MATCH(B72,'Metabase Lookup'!$A:$A,0)),"",IF(INDEX('Metabase Lookup'!$D:$D,MATCH(B72,'Metabase Lookup'!$A:$A,0))="","",INDEX('Metabase Lookup'!$D:$D,MATCH(B72,'Metabase Lookup'!$A:$A,0)))) | Y72: =IF(ISNUMBER(W72),IF(W72>0,"Yes","No"),"Pending") | Z72: Driver not identified (OPS account)
A73: 72 | B73: TNGDV2609096878921600 | C73: 266972551037 | D73: 46286.586 | E73: 46286 | F73: Mon | G73: KV | H73: RWG | I73: RWG - HR - NUR ZULAIKHA | J73: HR (named) | K73: 91783744 | L73: 1 | M73: LM | N73: Fake Success | R73: driver success the parcel before delivered to customer with customer consent | S73: Aimenn Aiyad | T73: =COUNTIF($B$2:$B$499,B73) | U73: =COUNTIF($I$2:$I$499,I73) | V73: =IF(ISNA(MATCH(B73,'Metabase Lookup'!$A:$A,0)),"Not found",IF(INDEX('Metabase Lookup'!$B:$B,MATCH(B73,'Metabase Lookup'!$A:$A,0))="","Pending",INDEX('Metabase Lookup'!$B:$B,MATCH(B73,'Metabase Lookup'!$A:$A,0)))) | W73: =IF(ISNA(MATCH(B73,'Metabase Lookup'!$A:$A,0)),"Not found",IF(INDEX('Metabase Lookup'!$C:$C,MATCH(B73,'Metabase Lookup'!$A:$A,0))="","Pending",INDEX('Metabase Lookup'!$C:$C,MATCH(B73,'Metabase Lookup'!$A:$A,0)))) | X73: =IF(ISNA(MATCH(B73,'Metabase Lookup'!$A:$A,0)),"",IF(INDEX('Metabase Lookup'!$D:$D,MATCH(B73,'Metabase Lookup'!$A:$A,0))="","",INDEX('Metabase Lookup'!$D:$D,MATCH(B73,'Metabase Lookup'!$A:$A,0)))) | Y73: =IF(ISNUMBER(W73),IF(W73>0,"Yes","No"),"Pending")
A74: 73 | B74: TNGDV2609156928618340 | C74: 263242644981 | D74: 46286.588 | E74: 46286 | F74: Mon | G74: KV | H74: OUG | I74: OPS - OUG | J74: OPS (generic hub account) | K74: 91845008 | L74: 1 | M74: LM | N74: Fake Fail | O74: Invalid POD (no detail) | P74: No | Q74: No | R74: POD invalid | S74: Naveen | T74: =COUNTIF($B$2:$B$499,B74) | U74: =COUNTIF($I$2:$I$499,I74) | V74: =IF(ISNA(MATCH(B74,'Metabase Lookup'!$A:$A,0)),"Not found",IF(INDEX('Metabase Lookup'!$B:$B,MATCH(B74,'Metabase Lookup'!$A:$A,0))="","Pending",INDEX('Metabase Lookup'!$B:$B,MATCH(B74,'Metabase Lookup'!$A:$A,0)))) | W74: =IF(ISNA(MATCH(B74,'Metabase Lookup'!$A:$A,0)),"Not found",IF(INDEX('Metabase Lookup'!$C:$C,MATCH(B74,'Metabase Lookup'!$A:$A,0))="","Pending",INDEX('Metabase Lookup'!$C:$C,MATCH(B74,'Metabase Lookup'!$A:$A,0)))) | X74: =IF(ISNA(MATCH(B74,'Metabase Lookup'!$A:$A,0)),"",IF(INDEX('Metabase Lookup'!$D:$D,MATCH(B74,'Metabase Lookup'!$A:$A,0))="","",INDEX('Metabase Lookup'!$D:$D,MATCH(B74,'Metabase Lookup'!$A:$A,0)))) | Y74: =IF(ISNUMBER(W74),IF(W74>0,"Yes","No"),"Pending") | Z74: Driver not identified (OPS account)
A75: 74 | B75: AJDHU1547854775576936448 | C75: 265832605751 | D75: 46286.592 | E75: 46286 | F75: Mon | G75: Southern | H75: MAS | I75: MAS - ID - ZULKARNIAN | J75: ID (named driver) | K75: 91788977 | L75: 1 | M75: LM | N75: Lost Item | R75: cust didnt received | S75: Abdul | T75: =COUNTIF($B$2:$B$499,B75) | U75: =COUNTIF($I$2:$I$499,I75) | V75: =IF(ISNA(MATCH(B75,'Metabase Lookup'!$A:$A,0)),"Not found",IF(INDEX('Metabase Lookup'!$B:$B,MATCH(B75,'Metabase Lookup'!$A:$A,0))="","Pending",INDEX('Metabase Lookup'!$B:$B,MATCH(B75,'Metabase Lookup'!$A:$A,0)))) | W75: =IF(ISNA(MATCH(B75,'Metabase Lookup'!$A:$A,0)),"Not found",IF(INDEX('Metabase Lookup'!$C:$C,MATCH(B75,'Metabase Lookup'!$A:$A,0))="","Pending",INDEX('Metabase Lookup'!$C:$C,MATCH(B75,'Metabase Lookup'!$A:$A,0)))) | X75: =IF(ISNA(MATCH(B75,'Metabase Lookup'!$A:$A,0)),"",IF(INDEX('Metabase Lookup'!$D:$D,MATCH(B75,'Metabase Lookup'!$A:$A,0))="","",INDEX('Metabase Lookup'!$D:$D,MATCH(B75,'Metabase Lookup'!$A:$A,0)))) | Y75: =IF(ISNUMBER(W75),IF(W75>0,"Yes","No"),"Pending")
A76: 75 | B76: NVMYLTCMU000000160 | C76: 267342641672 | D76: 46286.597 | E76: 46286 | F76: Mon | G76: Northern | H76: GEO | I76: GEO - OPS - DATO KERAMAT | J76: OPS (generic hub account) | K76: 91824655, 91833924, 91843013 | L76: 3 | M76: LM | N76: Fake Fail | O76: Invalid call log (unspecified) | P76: No | Q76: No | R76: There is no valid call log, call log listed not involved this shipper's number | S76: Syak | T76: =COUNTIF($B$2:$B$499,B76) | U76: =COUNTIF($I$2:$I$499,I76) | V76: =IF(ISNA(MATCH(B76,'Metabase Lookup'!$A:$A,0)),"Not found",IF(INDEX('Metabase Lookup'!$B:$B,MATCH(B76,'Metabase Lookup'!$A:$A,0))="","Pending",INDEX('Metabase Lookup'!$B:$B,MATCH(B76,'Metabase Lookup'!$A:$A,0)))) | W76: =IF(ISNA(MATCH(B76,'Metabase Lookup'!$A:$A,0)),"Not found",IF(INDEX('Metabase Lookup'!$C:$C,MATCH(B76,'Metabase Lookup'!$A:$A,0))="","Pending",INDEX('Metabase Lookup'!$C:$C,MATCH(B76,'Metabase Lookup'!$A:$A,0)))) | X76: =IF(ISNA(MATCH(B76,'Metabase Lookup'!$A:$A,0)),"",IF(INDEX('Metabase Lookup'!$D:$D,MATCH(B76,'Metabase Lookup'!$A:$A,0))="","",INDEX('Metabase Lookup'!$D:$D,MATCH(B76,'Metabase Lookup'!$A:$A,0)))) | Y76: =IF(ISNUMBER(W76),IF(W76>0,"Yes","No"),"Pending") | Z76: Multiple route IDs; Driver not identified (OPS account)
A77: 76 | B77: NIVMY1549984394616983552 | C77: 262012649808 | D77: 46286.598 | E77: 46286 | F77: Mon | G77: KV | H77: BTR | I77: OPS - BTR | J77: OPS (generic hub account) | K77: 91847380 | L77: 1 | M77: LM | N77: Fake Fail | O77: Invalid POD (no detail) | P77: No | Q77: No | R77: Invalid POD | S77: Naveen | T77: =COUNTIF($B$2:$B$499,B77) | U77: =COUNTIF($I$2:$I$499,I77) | V77: =IF(ISNA(MATCH(B77,'Metabase Lookup'!$A:$A,0)),"Not found",IF(INDEX('Metabase Lookup'!$B:$B,MATCH(B77,'Metabase Lookup'!$A:$A,0))="","Pending",INDEX('Metabase Lookup'!$B:$B,MATCH(B77,'Metabase Lookup'!$A:$A,0)))) | W77: =IF(ISNA(MATCH(B77,'Metabase Lookup'!$A:$A,0)),"Not found",IF(INDEX('Metabase Lookup'!$C:$C,MATCH(B77,'Metabase Lookup'!$A:$A,0))="","Pending",INDEX('Metabase Lookup'!$C:$C,MATCH(B77,'Metabase Lookup'!$A:$A,0)))) | X77: =IF(ISNA(MATCH(B77,'Metabase Lookup'!$A:$A,0)),"",IF(INDEX('Metabase Lookup'!$D:$D,MATCH(B77,'Metabase Lookup'!$A:$A,0))="","",INDEX('Metabase Lookup'!$D:$D,MATCH(B77,'Metabase Lookup'!$A:$A,0)))) | Y77: =IF(ISNUMBER(W77),IF(W77>0,"Yes","No"),"Pending") | Z77: Driver not identified (OPS account)
A78: 77 | B78: AEMYA000615925 | C78: 267062605873 | D78: 46286.599 | E78: 46286 | F78: Mon | G78: East MY | H78: PTJ | I78: PTJ - ID - MOHD LUQMAN | J78: ID (named driver) | K78: 91790001 | L78: 1 | M78: LM | N78: Fake Success | R78: cust didnt received | S78: Abdul | T78: =COUNTIF($B$2:$B$499,B78) | U78: =COUNTIF($I$2:$I$499,I78) | V78: =IF(ISNA(MATCH(B78,'Metabase Lookup'!$A:$A,0)),"Not found",IF(INDEX('Metabase Lookup'!$B:$B,MATCH(B78,'Metabase Lookup'!$A:$A,0))="","Pending",INDEX('Metabase Lookup'!$B:$B,MATCH(B78,'Metabase Lookup'!$A:$A,0)))) | W78: =IF(ISNA(MATCH(B78,'Metabase Lookup'!$A:$A,0)),"Not found",IF(INDEX('Metabase Lookup'!$C:$C,MATCH(B78,'Metabase Lookup'!$A:$A,0))="","Pending",INDEX('Metabase Lookup'!$C:$C,MATCH(B78,'Metabase Lookup'!$A:$A,0)))) | X78: =IF(ISNA(MATCH(B78,'Metabase Lookup'!$A:$A,0)),"",IF(INDEX('Metabase Lookup'!$D:$D,MATCH(B78,'Metabase Lookup'!$A:$A,0))="","",INDEX('Metabase Lookup'!$D:$D,MATCH(B78,'Metabase Lookup'!$A:$A,0)))) | Y78: =IF(ISNUMBER(W78),IF(W78>0,"Yes","No"),"Pending")
A79: 78 | B79: ZMP241385945-5821 | C79: 268242642620 | D79: 46286.6 | E79: 46286 | F79: Mon | G79: KV | H79: SLG | I79: SLG - ID - ZURAIQ | J79: ID (named driver) | K79: 91847810 | L79: 1 | M79: LM | N79: Deliver to Wrong Address | R79: driver del to wrong address, cust rcvd parcel after made a complaint | S79: Yana | T79: =COUNTIF($B$2:$B$499,B79) | U79: =COUNTIF($I$2:$I$499,I79) | V79: =IF(ISNA(MATCH(B79,'Metabase Lookup'!$A:$A,0)),"Not found",IF(INDEX('Metabase Lookup'!$B:$B,MATCH(B79,'Metabase Lookup'!$A:$A,0))="","Pending",INDEX('Metabase Lookup'!$B:$B,MATCH(B79,'Metabase Lookup'!$A:$A,0)))) | W79: =IF(ISNA(MATCH(B79,'Metabase Lookup'!$A:$A,0)),"Not found",IF(INDEX('Metabase Lookup'!$C:$C,MATCH(B79,'Metabase Lookup'!$A:$A,0))="","Pending",INDEX('Metabase Lookup'!$C:$C,MATCH(B79,'Metabase Lookup'!$A:$A,0)))) | X79: =IF(ISNA(MATCH(B79,'Metabase Lookup'!$A:$A,0)),"",IF(INDEX('Metabase Lookup'!$D:$D,MATCH(B79,'Metabase Lookup'!$A:$A,0))="","",INDEX('Metabase Lookup'!$D:$D,MATCH(B79,'Metabase Lookup'!$A:$A,0)))) | Y79: =IF(ISNUMBER(W79),IF(W79>0,"Yes","No"),"Pending")
A80: 79 | B80: NVMY48214000023869 | C80: 264942603038 | D80: 46286.604 | E80: 46286 | F80: Mon | G80: East MY | H80: PTJ | I80: PTJ - ID - MOHD LUQMAN | J80: ID (named driver) | K80: 91790001 | L80: 1 | M80: LM | N80: Fake Success | R80: cust didnt received | S80: Abdul | T80: =COUNTIF($B$2:$B$499,B80) | U80: =COUNTIF($I$2:$I$499,I80) | V80: =IF(ISNA(MATCH(B80,'Metabase Lookup'!$A:$A,0)),"Not found",IF(INDEX('Metabase Lookup'!$B:$B,MATCH(B80,'Metabase Lookup'!$A:$A,0))="","Pending",INDEX('Metabase Lookup'!$B:$B,MATCH(B80,'Metabase Lookup'!$A:$A,0)))) | W80: =IF(ISNA(MATCH(B80,'Metabase Lookup'!$A:$A,0)),"Not found",IF(INDEX('Metabase Lookup'!$C:$C,MATCH(B80,'Metabase Lookup'!$A:$A,0))="","Pending",INDEX('Metabase Lookup'!$C:$C,MATCH(B80,'Metabase Lookup'!$A:$A,0)))) | X80: =IF(ISNA(MATCH(B80,'Metabase Lookup'!$A:$A,0)),"",IF(INDEX('Metabase Lookup'!$D:$D,MATCH(B80,'Metabase Lookup'!$A:$A,0))="","",INDEX('Metabase Lookup'!$D:$D,MATCH(B80,'Metabase Lookup'!$A:$A,0)))) | Y80: =IF(ISNUMBER(W80),IF(W80>0,"Yes","No"),"Pending")
A81: 80 | B81: ZMP271541945-3625 | C81: 265942649269 | D81: 46286.605 | E81: 46286 | F81: Mon | G81: KV | H81: BTK | I81: BTK - ID - KALA | J81: ID (named driver) | K81: 91848556, 91856547 | L81: 2 | M81: LM | N81: Fake Fail | O81: Invalid POD (no detail) | P81: No | Q81: No | R81: invalid POD | S81: Naveen | T81: =COUNTIF($B$2:$B$499,B81) | U81: =COUNTIF($I$2:$I$499,I81) | V81: =IF(ISNA(MATCH(B81,'Metabase Lookup'!$A:$A,0)),"Not found",IF(INDEX('Metabase Lookup'!$B:$B,MATCH(B81,'Metabase Lookup'!$A:$A,0))="","Pending",INDEX('Metabase Lookup'!$B:$B,MATCH(B81,'Metabase Lookup'!$A:$A,0)))) | W81: =IF(ISNA(MATCH(B81,'Metabase Lookup'!$A:$A,0)),"Not found",IF(INDEX('Metabase Lookup'!$C:$C,MATCH(B81,'Metabase Lookup'!$A:$A,0))="","Pending",INDEX('Metabase Lookup'!$C:$C,MATCH(B81,'Metabase Lookup'!$A:$A,0)))) | X81: =IF(ISNA(MATCH(B81,'Metabase Lookup'!$A:$A,0)),"",IF(INDEX('Metabase Lookup'!$D:$D,MATCH(B81,'Metabase Lookup'!$A:$A,0))="","",INDEX('Metabase Lookup'!$D:$D,MATCH(B81,'Metabase Lookup'!$A:$A,0)))) | Y81: =IF(ISNUMBER(W81),IF(W81>0,"Yes","No"),"Pending") | Z81: Multiple route IDs
A82: 81 | B82: NVMY8NFNT0HW10327A | C82: 260902644277 | D82: 46286.617 | E82: 46286 | F82: Mon | G82: Northern | H82: GEO | I82: GEO - OPS - DATO KERAMAT | J82: OPS (generic hub account) | K82: 91843013 | L82: 1 | M82: LM | N82: Fake Fail | O82: Wrong number called | P82: No | Q82: No | R82: driver attach invalid pod call log attach is not belong to cstomer | S82: Zati | T82: =COUNTIF($B$2:$B$499,B82) | U82: =COUNTIF($I$2:$I$499,I82) | V82: =IF(ISNA(MATCH(B82,'Metabase Lookup'!$A:$A,0)),"Not found",IF(INDEX('Metabase Lookup'!$B:$B,MATCH(B82,'Metabase Lookup'!$A:$A,0))="","Pending",INDEX('Metabase Lookup'!$B:$B,MATCH(B82,'Metabase Lookup'!$A:$A,0)))) | W82: =IF(ISNA(MATCH(B82,'Metabase Lookup'!$A:$A,0)),"Not found",IF(INDEX('Metabase Lookup'!$C:$C,MATCH(B82,'Metabase Lookup'!$A:$A,0))="","Pending",INDEX('Metabase Lookup'!$C:$C,MATCH(B82,'Metabase Lookup'!$A:$A,0)))) | X82: =IF(ISNA(MATCH(B82,'Metabase Lookup'!$A:$A,0)),"",IF(INDEX('Metabase Lookup'!$D:$D,MATCH(B82,'Metabase Lookup'!$A:$A,0))="","",INDEX('Metabase Lookup'!$D:$D,MATCH(B82,'Metabase Lookup'!$A:$A,0)))) | Y82: =IF(ISNUMBER(W82),IF(W82>0,"Yes","No"),"Pending") | Z82: Driver not identified (OPS account)
A83: 82 | B83: NVMYYSLWE330031831 | C83: 268482602672 | D83: 46286.618 | E83: 46286 | F83: Mon | G83: KV | H83: OUG | I83: OUG - ID - SITI SHAFIQAH | J83: ID (named driver) | K83: 91804861 | L83: 1 | M83: LM | N83: Fake Success | R83: cust didnt received | S83: Abdul | T83: =COUNTIF($B$2:$B$499,B83) | U83: =COUNTIF($I$2:$I$499,I83) | V83: =IF(ISNA(MATCH(B83,'Metabase Lookup'!$A:$A,0)),"Not found",IF(INDEX('Metabase Lookup'!$B:$B,MATCH(B83,'Metabase Lookup'!$A:$A,0))="","Pending",INDEX('Metabase Lookup'!$B:$B,MATCH(B83,'Metabase Lookup'!$A:$A,0)))) | W83: =IF(ISNA(MATCH(B83,'Metabase Lookup'!$A:$A,0)),"Not found",IF(INDEX('Metabase Lookup'!$C:$C,MATCH(B83,'Metabase Lookup'!$A:$A,0))="","Pending",INDEX('Metabase Lookup'!$C:$C,MATCH(B83,'Metabase Lookup'!$A:$A,0)))) | X83: =IF(ISNA(MATCH(B83,'Metabase Lookup'!$A:$A,0)),"",IF(INDEX('Metabase Lookup'!$D:$D,MATCH(B83,'Metabase Lookup'!$A:$A,0))="","",INDEX('Metabase Lookup'!$D:$D,MATCH(B83,'Metabase Lookup'!$A:$A,0)))) | Y83: =IF(ISNUMBER(W83),IF(W83>0,"Yes","No"),"Pending")
A84: 83 | B84: VICTN1549303472678359040 | C84: 268392643477 | D84: 46286.629 | E84: 46286 | F84: Mon | G84: Northern | H84: SIM | I84: SIM - ID - FARIS HAFIZI | J84: ID (named driver) | K84: 91836295 | L84: 1 | M84: LM | N84: Fake Fail | O84: Call not connected / no response | P84: No | Q84: No | R84: Invalid POD call log same minute | S84: Ninja Hadif | T84: =COUNTIF($B$2:$B$499,B84) | U84: =COUNTIF($I$2:$I$499,I84) | V84: =IF(ISNA(MATCH(B84,'Metabase Lookup'!$A:$A,0)),"Not found",IF(INDEX('Metabase Lookup'!$B:$B,MATCH(B84,'Metabase Lookup'!$A:$A,0))="","Pending",INDEX('Metabase Lookup'!$B:$B,MATCH(B84,'Metabase Lookup'!$A:$A,0)))) | W84: =IF(ISNA(MATCH(B84,'Metabase Lookup'!$A:$A,0)),"Not found",IF(INDEX('Metabase Lookup'!$C:$C,MATCH(B84,'Metabase Lookup'!$A:$A,0))="","Pending",INDEX('Metabase Lookup'!$C:$C,MATCH(B84,'Metabase Lookup'!$A:$A,0)))) | X84: =IF(ISNA(MATCH(B84,'Metabase Lookup'!$A:$A,0)),"",IF(INDEX('Metabase Lookup'!$D:$D,MATCH(B84,'Metabase Lookup'!$A:$A,0))="","",INDEX('Metabase Lookup'!$D:$D,MATCH(B84,'Metabase Lookup'!$A:$A,0)))) | Y84: =IF(ISNUMBER(W84),IF(W84>0,"Yes","No"),"Pending")
A85: 84 | B85: VICTN1549990377922347008 | C85: 268392643477 | D85: 46286.63 | E85: 46286 | F85: Mon | G85: KV | H85: SHM | I85: OPS - SHM | J85: OPS (generic hub account) | K85: 91836515 | L85: 1 | M85: LM | N85: Fake Fail | O85: No call / call log missing | P85: Yes | Q85: No | R85: Invalid POD no call log no location | S85: Ninja Hadif | T85: =COUNTIF($B$2:$B$499,B85) | U85: =COUNTIF($I$2:$I$499,I85) | V85: =IF(ISNA(MATCH(B85,'Metabase Lookup'!$A:$A,0)),"Not found",IF(INDEX('Metabase Lookup'!$B:$B,MATCH(B85,'Metabase Lookup'!$A:$A,0))="","Pending",INDEX('Metabase Lookup'!$B:$B,MATCH(B85,'Metabase Lookup'!$A:$A,0)))) | W85: =IF(ISNA(MATCH(B85,'Metabase Lookup'!$A:$A,0)),"Not found",IF(INDEX('Metabase Lookup'!$C:$C,MATCH(B85,'Metabase Lookup'!$A:$A,0))="","Pending",INDEX('Metabase Lookup'!$C:$C,MATCH(B85,'Metabase Lookup'!$A:$A,0)))) | X85: =IF(ISNA(MATCH(B85,'Metabase Lookup'!$A:$A,0)),"",IF(INDEX('Metabase Lookup'!$D:$D,MATCH(B85,'Metabase Lookup'!$A:$A,0))="","",INDEX('Metabase Lookup'!$D:$D,MATCH(B85,'Metabase Lookup'!$A:$A,0)))) | Y85: =IF(ISNUMBER(W85),IF(W85>0,"Yes","No"),"Pending") | Z85: Driver not identified (OPS account)
A86: 85 | B86: NVMYONEGA000042476 | C86: 261932644543 | D86: 46286.635 | E86: 46286 | F86: Mon | G86: Northern | H86: SIM | I86: SIM - ID - ISMAIL | J86: ID (named driver) | K86: 91845147 | L86: 1 | M86: LM | N86: Fake Fail | O86: Wrong number called | P86: No | Q86: No | R86: Call wrong number | S86: Syafiq | T86: =COUNTIF($B$2:$B$499,B86) | U86: =COUNTIF($I$2:$I$499,I86) | V86: =IF(ISNA(MATCH(B86,'Metabase Lookup'!$A:$A,0)),"Not found",IF(INDEX('Metabase Lookup'!$B:$B,MATCH(B86,'Metabase Lookup'!$A:$A,0))="","Pending",INDEX('Metabase Lookup'!$B:$B,MATCH(B86,'Metabase Lookup'!$A:$A,0)))) | W86: =IF(ISNA(MATCH(B86,'Metabase Lookup'!$A:$A,0)),"Not found",IF(INDEX('Metabase Lookup'!$C:$C,MATCH(B86,'Metabase Lookup'!$A:$A,0))="","Pending",INDEX('Metabase Lookup'!$C:$C,MATCH(B86,'Metabase Lookup'!$A:$A,0)))) | X86: =IF(ISNA(MATCH(B86,'Metabase Lookup'!$A:$A,0)),"",IF(INDEX('Metabase Lookup'!$D:$D,MATCH(B86,'Metabase Lookup'!$A:$A,0))="","",INDEX('Metabase Lookup'!$D:$D,MATCH(B86,'Metabase Lookup'!$A:$A,0)))) | Y86: =IF(ISNUMBER(W86),IF(W86>0,"Yes","No"),"Pending") | Z86: TID had stray spaces/line breaks (cleaned)
A87: 86 | B87: WNJMY00190082908 | C87: 264122642970 | D87: 46286.649 | E87: 46286 | F87: Mon | G87: East MY | H87: BKW | I87: BKW - OPS - SELFCOLLECT | J87: OPS (generic hub account) | K87: 91845012 | L87: 1 | M87: LM | N87: Fake Fail | O87: Invalid call log (unspecified) | P87: No | Q87: No | R87: driver attach invalid pod and call log is not under customer contact number | S87: Zati | T87: =COUNTIF($B$2:$B$499,B87) | U87: =COUNTIF($I$2:$I$499,I87) | V87: =IF(ISNA(MATCH(B87,'Metabase Lookup'!$A:$A,0)),"Not found",IF(INDEX('Metabase Lookup'!$B:$B,MATCH(B87,'Metabase Lookup'!$A:$A,0))="","Pending",INDEX('Metabase Lookup'!$B:$B,MATCH(B87,'Metabase Lookup'!$A:$A,0)))) | W87: =IF(ISNA(MATCH(B87,'Metabase Lookup'!$A:$A,0)),"Not found",IF(INDEX('Metabase Lookup'!$C:$C,MATCH(B87,'Metabase Lookup'!$A:$A,0))="","Pending",INDEX('Metabase Lookup'!$C:$C,MATCH(B87,'Metabase Lookup'!$A:$A,0)))) | X87: =IF(ISNA(MATCH(B87,'Metabase Lookup'!$A:$A,0)),"",IF(INDEX('Metabase Lookup'!$D:$D,MATCH(B87,'Metabase Lookup'!$A:$A,0))="","",INDEX('Metabase Lookup'!$D:$D,MATCH(B87,'Metabase Lookup'!$A:$A,0)))) | Y87: =IF(ISNUMBER(W87),IF(W87>0,"Yes","No"),"Pending") | Z87: Driver not identified (OPS account)
A88: 87 | B88: APGUK012000005049513 | C88: 260472645118 | D88: 46286.668 | E88: 46286 | F88: Mon | G88: KV | H88: PJY | I88: OPS - PJY | J88: OPS (generic hub account) | K88: 91841536 | L88: 1 | M88: LM | N88: Fake Fail | O88: Wrong number called | P88: No | Q88: No | R88: Driver attach invalid POD and call log not belong to customer | S88: Zati | T88: =COUNTIF($B$2:$B$499,B88) | U88: =COUNTIF($I$2:$I$499,I88) | V88: =IF(ISNA(MATCH(B88,'Metabase Lookup'!$A:$A,0)),"Not found",IF(INDEX('Metabase Lookup'!$B:$B,MATCH(B88,'Metabase Lookup'!$A:$A,0))="","Pending",INDEX('Metabase Lookup'!$B:$B,MATCH(B88,'Metabase Lookup'!$A:$A,0)))) | W88: =IF(ISNA(MATCH(B88,'Metabase Lookup'!$A:$A,0)),"Not found",IF(INDEX('Metabase Lookup'!$C:$C,MATCH(B88,'Metabase Lookup'!$A:$A,0))="","Pending",INDEX('Metabase Lookup'!$C:$C,MATCH(B88,'Metabase Lookup'!$A:$A,0)))) | X88: =IF(ISNA(MATCH(B88,'Metabase Lookup'!$A:$A,0)),"",IF(INDEX('Metabase Lookup'!$D:$D,MATCH(B88,'Metabase Lookup'!$A:$A,0))="","",INDEX('Metabase Lookup'!$D:$D,MATCH(B88,'Metabase Lookup'!$A:$A,0)))) | Y88: =IF(ISNUMBER(W88),IF(W88>0,"Yes","No"),"Pending") | Z88: Driver not identified (OPS account)
A89: 88 | B89: RNCNV000498992 | C89: 260512649179 | D89: 46286.669 | E89: 46286 | F89: Mon | G89: KV | H89: OUG | I89: OUG - ID - ROHIDAYU | OUG -ID - NORASHIKIN | J89: Multiple drivers | K89: 91809937, 91821985, 91834432 | L89: 3 | M89: LM | N89: Failed pick-up | R89: There was no response to the message, and the call log also shows that there were no 3 call attempts made. | S89: Izzni | T89: =COUNTIF($B$2:$B$499,B89) | U89: =COUNTIF($I$2:$I$499,I89) | V89: =IF(ISNA(MATCH(B89,'Metabase Lookup'!$A:$A,0)),"Not found",IF(INDEX('Metabase Lookup'!$B:$B,MATCH(B89,'Metabase Lookup'!$A:$A,0))="","Pending",INDEX('Metabase Lookup'!$B:$B,MATCH(B89,'Metabase Lookup'!$A:$A,0)))) | W89: =IF(ISNA(MATCH(B89,'Metabase Lookup'!$A:$A,0)),"Not found",IF(INDEX('Metabase Lookup'!$C:$C,MATCH(B89,'Metabase Lookup'!$A:$A,0))="","Pending",INDEX('Metabase Lookup'!$C:$C,MATCH(B89,'Metabase Lookup'!$A:$A,0)))) | X89: =IF(ISNA(MATCH(B89,'Metabase Lookup'!$A:$A,0)),"",IF(INDEX('Metabase Lookup'!$D:$D,MATCH(B89,'Metabase Lookup'!$A:$A,0))="","",INDEX('Metabase Lookup'!$D:$D,MATCH(B89,'Metabase Lookup'!$A:$A,0)))) | Y89: =IF(ISNUMBER(W89),IF(W89>0,"Yes","No"),"Pending") | Z89: Multiple drivers in one row; Multiple route IDs
A90: 89 | B90: NVMYCOMOO000015506 | C90: 260342647229 | D90: 46286.674 | E90: 46286 | F90: Mon | G90: Southern | H90: GLG | I90: GLG - OPS - ENGKU | J90: OPS (generic hub account) | K90: 91851583 | L90: 1 | M90: LM | N90: Fake Fail | O90: Invalid call log (unspecified) | P90: No | Q90: No | R90: driver not attach call log and customer not receive any call from driver | S90: Zati | T90: =COUNTIF($B$2:$B$499,B90) | U90: =COUNTIF($I$2:$I$499,I90) | V90: =IF(ISNA(MATCH(B90,'Metabase Lookup'!$A:$A,0)),"Not found",IF(INDEX('Metabase Lookup'!$B:$B,MATCH(B90,'Metabase Lookup'!$A:$A,0))="","Pending",INDEX('Metabase Lookup'!$B:$B,MATCH(B90,'Metabase Lookup'!$A:$A,0)))) | W90: =IF(ISNA(MATCH(B90,'Metabase Lookup'!$A:$A,0)),"Not found",IF(INDEX('Metabase Lookup'!$C:$C,MATCH(B90,'Metabase Lookup'!$A:$A,0))="","Pending",INDEX('Metabase Lookup'!$C:$C,MATCH(B90,'Metabase Lookup'!$A:$A,0)))) | X90: =IF(ISNA(MATCH(B90,'Metabase Lookup'!$A:$A,0)),"",IF(INDEX('Metabase Lookup'!$D:$D,MATCH(B90,'Metabase Lookup'!$A:$A,0))="","",INDEX('Metabase Lookup'!$D:$D,MATCH(B90,'Metabase Lookup'!$A:$A,0)))) | Y90: =IF(ISNUMBER(W90),IF(W90>0,"Yes","No"),"Pending") | Z90: TID logged more than once; Driver not identified (OPS account)
A91: 90 | B91: NVMYCHMOT000000348 | C91: 261302649825 | D91: 46286.689 | E91: 46286 | F91: Mon | G91: Southern | H91: SGT | I91: SGT - ID - IBRAHIM | J91: ID (named driver) | K91: 91796333 | L91: 1 | M91: LM | N91: Parcel Dumping | R91: driver dumped the parcel w.out acknowledge the customer | S91: Yana | T91: =COUNTIF($B$2:$B$499,B91) | U91: =COUNTIF($I$2:$I$499,I91) | V91: =IF(ISNA(MATCH(B91,'Metabase Lookup'!$A:$A,0)),"Not found",IF(INDEX('Metabase Lookup'!$B:$B,MATCH(B91,'Metabase Lookup'!$A:$A,0))="","Pending",INDEX('Metabase Lookup'!$B:$B,MATCH(B91,'Metabase Lookup'!$A:$A,0)))) | W91: =IF(ISNA(MATCH(B91,'Metabase Lookup'!$A:$A,0)),"Not found",IF(INDEX('Metabase Lookup'!$C:$C,MATCH(B91,'Metabase Lookup'!$A:$A,0))="","Pending",INDEX('Metabase Lookup'!$C:$C,MATCH(B91,'Metabase Lookup'!$A:$A,0)))) | X91: =IF(ISNA(MATCH(B91,'Metabase Lookup'!$A:$A,0)),"",IF(INDEX('Metabase Lookup'!$D:$D,MATCH(B91,'Metabase Lookup'!$A:$A,0))="","",INDEX('Metabase Lookup'!$D:$D,MATCH(B91,'Metabase Lookup'!$A:$A,0)))) | Y91: =IF(ISNUMBER(W91),IF(W91>0,"Yes","No"),"Pending")
A92: 91 | B92: NVMY21533000009024 | C92: 265772643374 | D92: 46286.69 | E92: 46286 | F92: Mon | G92: Northern | H92: SIM | I92: STW - FM - Azril Naim | J92: FM (first-mile) | K92: 91844721 | L92: 1 | M92: LM | N92: Fake Fail | O92: No call / call log missing | P92: Yes | Q92: No | R92: No call log & invalid site photo | S92: Yana | T92: =COUNTIF($B$2:$B$499,B92) | U92: =COUNTIF($I$2:$I$499,I92) | V92: =IF(ISNA(MATCH(B92,'Metabase Lookup'!$A:$A,0)),"Not found",IF(INDEX('Metabase Lookup'!$B:$B,MATCH(B92,'Metabase Lookup'!$A:$A,0))="","Pending",INDEX('Metabase Lookup'!$B:$B,MATCH(B92,'Metabase Lookup'!$A:$A,0)))) | W92: =IF(ISNA(MATCH(B92,'Metabase Lookup'!$A:$A,0)),"Not found",IF(INDEX('Metabase Lookup'!$C:$C,MATCH(B92,'Metabase Lookup'!$A:$A,0))="","Pending",INDEX('Metabase Lookup'!$C:$C,MATCH(B92,'Metabase Lookup'!$A:$A,0)))) | X92: =IF(ISNA(MATCH(B92,'Metabase Lookup'!$A:$A,0)),"",IF(INDEX('Metabase Lookup'!$D:$D,MATCH(B92,'Metabase Lookup'!$A:$A,0))="","",INDEX('Metabase Lookup'!$D:$D,MATCH(B92,'Metabase Lookup'!$A:$A,0)))) | Y92: =IF(ISNUMBER(W92),IF(W92>0,"Yes","No"),"Pending")
A93: 92 | B93: NVMYSIS120SIS48138 | C93: 260302644596 | D93: 46286.692 | E93: 46286 | F93: Mon | G93: KV | H93: PJY | I93: OPS - PJY | J93: OPS (generic hub account) | K93: 91841536 | L93: 1 | M93: LM | N93: Fake Fail | O93: Wrong number called | P93: No | Q93: No | R93: POD invalid and call log not belong to customer | S93: Zati | T93: =COUNTIF($B$2:$B$499,B93) | U93: =COUNTIF($I$2:$I$499,I93) | V93: =IF(ISNA(MATCH(B93,'Metabase Lookup'!$A:$A,0)),"Not found",IF(INDEX('Metabase Lookup'!$B:$B,MATCH(B93,'Metabase Lookup'!$A:$A,0))="","Pending",INDEX('Metabase Lookup'!$B:$B,MATCH(B93,'Metabase Lookup'!$A:$A,0)))) | W93: =IF(ISNA(MATCH(B93,'Metabase Lookup'!$A:$A,0)),"Not found",IF(INDEX('Metabase Lookup'!$C:$C,MATCH(B93,'Metabase Lookup'!$A:$A,0))="","Pending",INDEX('Metabase Lookup'!$C:$C,MATCH(B93,'Metabase Lookup'!$A:$A,0)))) | X93: =IF(ISNA(MATCH(B93,'Metabase Lookup'!$A:$A,0)),"",IF(INDEX('Metabase Lookup'!$D:$D,MATCH(B93,'Metabase Lookup'!$A:$A,0))="","",INDEX('Metabase Lookup'!$D:$D,MATCH(B93,'Metabase Lookup'!$A:$A,0)))) | Y93: =IF(ISNUMBER(W93),IF(W93>0,"Yes","No"),"Pending") | Z93: Driver not identified (OPS account)
A94: 93 | B94: ZNV946827970-1591 | C94: 266272640209 | D94: 46286.692 | E94: 46286 | F94: Mon | G94: South West | H94: BHU | I94: BHU - OPS - IMAN | J94: OPS (generic hub account) | K94: 91835659 | L94: 1 | M94: LM | N94: Fake Fail | O94: Invalid POD (no detail) | P94: No | Q94: Yes | R94: invalid POD, failed under ops | S94: Yana | T94: =COUNTIF($B$2:$B$499,B94) | U94: =COUNTIF($I$2:$I$499,I94) | V94: =IF(ISNA(MATCH(B94,'Metabase Lookup'!$A:$A,0)),"Not found",IF(INDEX('Metabase Lookup'!$B:$B,MATCH(B94,'Metabase Lookup'!$A:$A,0))="","Pending",INDEX('Metabase Lookup'!$B:$B,MATCH(B94,'Metabase Lookup'!$A:$A,0)))) | W94: =IF(ISNA(MATCH(B94,'Metabase Lookup'!$A:$A,0)),"Not found",IF(INDEX('Metabase Lookup'!$C:$C,MATCH(B94,'Metabase Lookup'!$A:$A,0))="","Pending",INDEX('Metabase Lookup'!$C:$C,MATCH(B94,'Metabase Lookup'!$A:$A,0)))) | X94: =IF(ISNA(MATCH(B94,'Metabase Lookup'!$A:$A,0)),"",IF(INDEX('Metabase Lookup'!$D:$D,MATCH(B94,'Metabase Lookup'!$A:$A,0))="","",INDEX('Metabase Lookup'!$D:$D,MATCH(B94,'Metabase Lookup'!$A:$A,0)))) | Y94: =IF(ISNUMBER(W94),IF(W94>0,"Yes","No"),"Pending") | Z94: Driver not identified (OPS account)
A95: 94 | B95: ADI111550678986921603072 | C95: 267102648859 | D95: 46286.694 | E95: 46286 | F95: Mon | G95: Southern | H95: LKN | I95: LKN - ID - FADZLY | J95: ID (named driver) | K95: 91859932 | L95: 1 | M95: LM | N95: Fake Fail | O95: Invalid call log (unspecified) | P95: Yes | Q95: No | R95: invalid call log & site photo | S95: Yana | T95: =COUNTIF($B$2:$B$499,B95) | U95: =COUNTIF($I$2:$I$499,I95) | V95: =IF(ISNA(MATCH(B95,'Metabase Lookup'!$A:$A,0)),"Not found",IF(INDEX('Metabase Lookup'!$B:$B,MATCH(B95,'Metabase Lookup'!$A:$A,0))="","Pending",INDEX('Metabase Lookup'!$B:$B,MATCH(B95,'Metabase Lookup'!$A:$A,0)))) | W95: =IF(ISNA(MATCH(B95,'Metabase Lookup'!$A:$A,0)),"Not found",IF(INDEX('Metabase Lookup'!$C:$C,MATCH(B95,'Metabase Lookup'!$A:$A,0))="","Pending",INDEX('Metabase Lookup'!$C:$C,MATCH(B95,'Metabase Lookup'!$A:$A,0)))) | X95: =IF(ISNA(MATCH(B95,'Metabase Lookup'!$A:$A,0)),"",IF(INDEX('Metabase Lookup'!$D:$D,MATCH(B95,'Metabase Lookup'!$A:$A,0))="","",INDEX('Metabase Lookup'!$D:$D,MATCH(B95,'Metabase Lookup'!$A:$A,0)))) | Y95: =IF(ISNUMBER(W95),IF(W95>0,"Yes","No"),"Pending")
A96: 95 | B96: TNGE126047281027686000 | C96: 262432640726 | D96: 46286.696 | E96: 46286 | F96: Mon | G96: Northern | H96: PSN | I96: PSN - OPS - PSN HUB | J96: OPS (generic hub account) | K96: 91851443 | L96: 1 | M96: LM | N96: Fake Fail | O96: No call / call log missing | P96: No | Q96: No | R96: driver not call the customer and pod invalid | S96: Zati | T96: =COUNTIF($B$2:$B$499,B96) | U96: =COUNTIF($I$2:$I$499,I96) | V96: =IF(ISNA(MATCH(B96,'Metabase Lookup'!$A:$A,0)),"Not found",IF(INDEX('Metabase Lookup'!$B:$B,MATCH(B96,'Metabase Lookup'!$A:$A,0))="","Pending",INDEX('Metabase Lookup'!$B:$B,MATCH(B96,'Metabase Lookup'!$A:$A,0)))) | W96: =IF(ISNA(MATCH(B96,'Metabase Lookup'!$A:$A,0)),"Not found",IF(INDEX('Metabase Lookup'!$C:$C,MATCH(B96,'Metabase Lookup'!$A:$A,0))="","Pending",INDEX('Metabase Lookup'!$C:$C,MATCH(B96,'Metabase Lookup'!$A:$A,0)))) | X96: =IF(ISNA(MATCH(B96,'Metabase Lookup'!$A:$A,0)),"",IF(INDEX('Metabase Lookup'!$D:$D,MATCH(B96,'Metabase Lookup'!$A:$A,0))="","",INDEX('Metabase Lookup'!$D:$D,MATCH(B96,'Metabase Lookup'!$A:$A,0)))) | Y96: =IF(ISNUMBER(W96),IF(W96>0,"Yes","No"),"Pending") | Z96: Driver not identified (OPS account)
A97: 96 | B97: NVMYNINJA002511067 | C97: 262232641528 | D97: 46286.7 | E97: 46286 | F97: Mon | G97: South West | H97: PDS | I97: PDS - HR - MOHD SHAHIZAN | J97: HR (named) | K97: 91844338 | L97: 1 | M97: LM | N97: Deliver to Wrong Address | R97: the driver delivered to wrong address instead of cust address | S97: Naveen | T97: =COUNTIF($B$2:$B$499,B97) | U97: =COUNTIF($I$2:$I$499,I97) | V97: =IF(ISNA(MATCH(B97,'Metabase Lookup'!$A:$A,0)),"Not found",IF(INDEX('Metabase Lookup'!$B:$B,MATCH(B97,'Metabase Lookup'!$A:$A,0))="","Pending",INDEX('Metabase Lookup'!$B:$B,MATCH(B97,'Metabase Lookup'!$A:$A,0)))) | W97: =IF(ISNA(MATCH(B97,'Metabase Lookup'!$A:$A,0)),"Not found",IF(INDEX('Metabase Lookup'!$C:$C,MATCH(B97,'Metabase Lookup'!$A:$A,0))="","Pending",INDEX('Metabase Lookup'!$C:$C,MATCH(B97,'Metabase Lookup'!$A:$A,0)))) | X97: =IF(ISNA(MATCH(B97,'Metabase Lookup'!$A:$A,0)),"",IF(INDEX('Metabase Lookup'!$D:$D,MATCH(B97,'Metabase Lookup'!$A:$A,0))="","",INDEX('Metabase Lookup'!$D:$D,MATCH(B97,'Metabase Lookup'!$A:$A,0)))) | Y97: =IF(ISNUMBER(W97),IF(W97>0,"Yes","No"),"Pending") | Z97: TID had stray spaces/line breaks (cleaned)
A98: 97 | B98: MYMPA261084847 | C98: 261332644861 | D98: 46286.707 | E98: 46286 | F98: Mon | G98: KV | H98: BRP | I98: OPS - BRP | J98: OPS (generic hub account) | K98: 91838463 | L98: 1 | M98: LM | N98: Fake Fail | O98: Invalid call log (unspecified) | P98: No | Q98: No | R98: driver attach invalid call log | S98: Zati | T98: =COUNTIF($B$2:$B$499,B98) | U98: =COUNTIF($I$2:$I$499,I98) | V98: =IF(ISNA(MATCH(B98,'Metabase Lookup'!$A:$A,0)),"Not found",IF(INDEX('Metabase Lookup'!$B:$B,MATCH(B98,'Metabase Lookup'!$A:$A,0))="","Pending",INDEX('Metabase Lookup'!$B:$B,MATCH(B98,'Metabase Lookup'!$A:$A,0)))) | W98: =IF(ISNA(MATCH(B98,'Metabase Lookup'!$A:$A,0)),"Not found",IF(INDEX('Metabase Lookup'!$C:$C,MATCH(B98,'Metabase Lookup'!$A:$A,0))="","Pending",INDEX('Metabase Lookup'!$C:$C,MATCH(B98,'Metabase Lookup'!$A:$A,0)))) | X98: =IF(ISNA(MATCH(B98,'Metabase Lookup'!$A:$A,0)),"",IF(INDEX('Metabase Lookup'!$D:$D,MATCH(B98,'Metabase Lookup'!$A:$A,0))="","",INDEX('Metabase Lookup'!$D:$D,MATCH(B98,'Metabase Lookup'!$A:$A,0)))) | Y98: =IF(ISNUMBER(W98),IF(W98>0,"Yes","No"),"Pending") | Z98: Driver not identified (OPS account)
A99: 98 | B99: NVMYGMPKT00SH8766A | C99: 267522649784 | D99: 46286.712 | E99: 46286 | F99: Mon | G99: KV | H99: ARA | I99: ARA - HR - ARIFF | J99: HR (named) | K99: 91650967 | L99: 1 | M99: LM | N99: Fake Success | R99: completed on 2026-08-29 16:08:35 but unable to investigate due to complete more 7days | S99: Hartini | T99: =COUNTIF($B$2:$B$499,B99) | U99: =COUNTIF($I$2:$I$499,I99) | V99: =IF(ISNA(MATCH(B99,'Metabase Lookup'!$A:$A,0)),"Not found",IF(INDEX('Metabase Lookup'!$B:$B,MATCH(B99,'Metabase Lookup'!$A:$A,0))="","Pending",INDEX('Metabase Lookup'!$B:$B,MATCH(B99,'Metabase Lookup'!$A:$A,0)))) | W99: =IF(ISNA(MATCH(B99,'Metabase Lookup'!$A:$A,0)),"Not found",IF(INDEX('Metabase Lookup'!$C:$C,MATCH(B99,'Metabase Lookup'!$A:$A,0))="","Pending",INDEX('Metabase Lookup'!$C:$C,MATCH(B99,'Metabase Lookup'!$A:$A,0)))) | X99: =IF(ISNA(MATCH(B99,'Metabase Lookup'!$A:$A,0)),"",IF(INDEX('Metabase Lookup'!$D:$D,MATCH(B99,'Metabase Lookup'!$A:$A,0))="","",INDEX('Metabase Lookup'!$D:$D,MATCH(B99,'Metabase Lookup'!$A:$A,0)))) | Y99: =IF(ISNUMBER(W99),IF(W99>0,"Yes","No"),"Pending")
A100: 99 | B100: NVMYROBAN000005753 | C100: 260662646082 | D100: 46286.715 | E100: 46286 | F100: Mon | G100: KV | H100: PJY | I100: OPS - PJY | J100: OPS (generic hub account) | K100: 91844728 | L100: 1 | M100: LM | N100: Fake Fail | O100: Invalid POD (no detail) | P100: No | Q100: Yes | R100: invalid POD, failed under ops | S100: Yana | T100: =COUNTIF($B$2:$B$499,B100) | U100: =COUNTIF($I$2:$I$499,I100) | V100: =IF(ISNA(MATCH(B100,'Metabase Lookup'!$A:$A,0)),"Not found",IF(INDEX('Metabase Lookup'!$B:$B,MATCH(B100,'Metabase Lookup'!$A:$A,0))="","Pending",INDEX('Metabase Lookup'!$B:$B,MATCH(B100,'Metabase Lookup'!$A:$A,0)))) | W100: =IF(ISNA(MATCH(B100,'Metabase Lookup'!$A:$A,0)),"Not found",IF(INDEX('Metabase Lookup'!$C:$C,MATCH(B100,'Metabase Lookup'!$A:$A,0))="","Pending",INDEX('Metabase Lookup'!$C:$C,MATCH(B100,'Metabase Lookup'!$A:$A,0)))) | X100: =IF(ISNA(MATCH(B100,'Metabase Lookup'!$A:$A,0)),"",IF(INDEX('Metabase Lookup'!$D:$D,MATCH(B100,'Metabase Lookup'!$A:$A,0))="","",INDEX('Metabase Lookup'!$D:$D,MATCH(B100,'Metabase Lookup'!$A:$A,0)))) | Y100: =IF(ISNUMBER(W100),IF(W100>0,"Yes","No"),"Pending") | Z100: Driver not identified (OPS account)
...

Sheet Hub Scorecard
A1: Hub Scorecard — W39 (21–27 Sep 2026)
A2: Sorted by total complaints. All counts are live formulas on the Cases sheet.
A4: Rank | B4: Hub | C4: Region | D4: Total | E4: Fake Fail | F4: Fake Success | G4: Wrong Address | H4: POR | I4: Failed Pick-up | J4: Other | K4: % Fake Fail | L4: OPS-account Cases | M4: % Driver Not Identified | N4: Named Drivers Involved | O4: Share of Network
A5: 1 | B5: PJY | C5: KV | D5: =COUNTIF(Cases!$H$2:$H$499,B5) | E5: =COUNTIFS(Cases!$H$2:$H$499,$B5,Cases!$N$2:$N$499,"Fake Fail") | F5: =COUNTIFS(Cases!$H$2:$H$499,$B5,Cases!$N$2:$N$499,"Fake Success") | G5: =COUNTIFS(Cases!$H$2:$H$499,$B5,Cases!$N$2:$N$499,"Deliver to Wrong Address") | H5: =COUNTIFS(Cases!$H$2:$H$499,$B5,Cases!$N$2:$N$499,"Pull Out Route (POR)") | I5: =COUNTIFS(Cases!$H$2:$H$499,$B5,Cases!$N$2:$N$499,"Failed pick-up") | J5: =D5-SUM(E5:I5) | K5: =IF(D5=0,0,E5/D5) | L5: =COUNTIFS(Cases!$H$2:$H$499,$B5,Cases!$J$2:$J$499,"OPS (generic hub account)") | M5: =IF(D5=0,0,L5/D5) | N5: 1 | O5: =D5/COUNTA(Cases!$B$2:$B$499)
A6: 2 | B6: GLG | C6: Southern | D6: =COUNTIF(Cases!$H$2:$H$499,B6) | E6: =COUNTIFS(Cases!$H$2:$H$499,$B6,Cases!$N$2:$N$499,"Fake Fail") | F6: =COUNTIFS(Cases!$H$2:$H$499,$B6,Cases!$N$2:$N$499,"Fake Success") | G6: =COUNTIFS(Cases!$H$2:$H$499,$B6,Cases!$N$2:$N$499,"Deliver to Wrong Address") | H6: =COUNTIFS(Cases!$H$2:$H$499,$B6,Cases!$N$2:$N$499,"Pull Out Route (POR)") | I6: =COUNTIFS(Cases!$H$2:$H$499,$B6,Cases!$N$2:$N$499,"Failed pick-up") | J6: =D6-SUM(E6:I6) | K6: =IF(D6=0,0,E6/D6) | L6: =COUNTIFS(Cases!$H$2:$H$499,$B6,Cases!$J$2:$J$499,"OPS (generic hub account)") | M6: =IF(D6=0,0,L6/D6) | N6: 3 | O6: =D6/COUNTA(Cases!$B$2:$B$499)
A7: 3 | B7: KEM | C7: Southern | D7: =COUNTIF(Cases!$H$2:$H$499,B7) | E7: =COUNTIFS(Cases!$H$2:$H$499,$B7,Cases!$N$2:$N$499,"Fake Fail") | F7: =COUNTIFS(Cases!$H$2:$H$499,$B7,Cases!$N$2:$N$499,"Fake Success") | G7: =COUNTIFS(Cases!$H$2:$H$499,$B7,Cases!$N$2:$N$499,"Deliver to Wrong Address") | H7: =COUNTIFS(Cases!$H$2:$H$499,$B7,Cases!$N$2:$N$499,"Pull Out Route (POR)") | I7: =COUNTIFS(Cases!$H$2:$H$499,$B7,Cases!$N$2:$N$499,"Failed pick-up") | J7: =D7-SUM(E7:I7) | K7: =IF(D7=0,0,E7/D7) | L7: =COUNTIFS(Cases!$H$2:$H$499,$B7,Cases!$J$2:$J$499,"OPS (generic hub account)") | M7: =IF(D7=0,0,L7/D7) | N7: 6 | O7: =D7/COUNTA(Cases!$B$2:$B$499)
A8: 4 | B8: OUG | C8: KV | D8: =COUNTIF(Cases!$H$2:$H$499,B8) | E8: =COUNTIFS(Cases!$H$2:$H$499,$B8,Cases!$N$2:$N$499,"Fake Fail") | F8: =COUNTIFS(Cases!$H$2:$H$499,$B8,Cases!$N$2:$N$499,"Fake Success") | G8: =COUNTIFS(Cases!$H$2:$H$499,$B8,Cases!$N$2:$N$499,"Deliver to Wrong Address") | H8: =COUNTIFS(Cases!$H$2:$H$499,$B8,Cases!$N$2:$N$499,"Pull Out Route (POR)") | I8: =COUNTIFS(Cases!$H$2:$H$499,$B8,Cases!$N$2:$N$499,"Failed pick-up") | J8: =D8-SUM(E8:I8) | K8: =IF(D8=0,0,E8/D8) | L8: =COUNTIFS(Cases!$H$2:$H$499,$B8,Cases!$J$2:$J$499,"OPS (generic hub account)") | M8: =IF(D8=0,0,L8/D8) | N8: 6 | O8: =D8/COUNTA(Cases!$B$2:$B$499)
A9: 5 | B9: BTR | C9: KV | D9: =COUNTIF(Cases!$H$2:$H$499,B9) | E9: =COUNTIFS(Cases!$H$2:$H$499,$B9,Cases!$N$2:$N$499,"Fake Fail") | F9: =COUNTIFS(Cases!$H$2:$H$499,$B9,Cases!$N$2:$N$499,"Fake Success") | G9: =COUNTIFS(Cases!$H$2:$H$499,$B9,Cases!$N$2:$N$499,"Deliver to Wrong Address") | H9: =COUNTIFS(Cases!$H$2:$H$499,$B9,Cases!$N$2:$N$499,"Pull Out Route (POR)") | I9: =COUNTIFS(Cases!$H$2:$H$499,$B9,Cases!$N$2:$N$499,"Failed pick-up") | J9: =D9-SUM(E9:I9) | K9: =IF(D9=0,0,E9/D9) | L9: =COUNTIFS(Cases!$H$2:$H$499,$B9,Cases!$J$2:$J$499,"OPS (generic hub account)") | M9: =IF(D9=0,0,L9/D9) | N9: 6 | O9: =D9/COUNTA(Cases!$B$2:$B$499)
A10: 6 | B10: NSJ | C10: Southern | D10: =COUNTIF(Cases!$H$2:$H$499,B10) | E10: =COUNTIFS(Cases!$H$2:$H$499,$B10,Cases!$N$2:$N$499,"Fake Fail") | F10: =COUNTIFS(Cases!$H$2:$H$499,$B10,Cases!$N$2:$N$499,"Fake Success") | G10: =COUNTIFS(Cases!$H$2:$H$499,$B10,Cases!$N$2:$N$499,"Deliver to Wrong Address") | H10: =COUNTIFS(Cases!$H$2:$H$499,$B10,Cases!$N$2:$N$499,"Pull Out Route (POR)") | I10: =COUNTIFS(Cases!$H$2:$H$499,$B10,Cases!$N$2:$N$499,"Failed pick-up") | J10: =D10-SUM(E10:I10) | K10: =IF(D10=0,0,E10/D10) | L10: =COUNTIFS(Cases!$H$2:$H$499,$B10,Cases!$J$2:$J$499,"OPS (generic hub account)") | M10: =IF(D10=0,0,L10/D10) | N10: 1 | O10: =D10/COUNTA(Cases!$B$2:$B$499)
A11: 7 | B11: GEO | C11: Northern | D11: =COUNTIF(Cases!$H$2:$H$499,B11) | E11: =COUNTIFS(Cases!$H$2:$H$499,$B11,Cases!$N$2:$N$499,"Fake Fail") | F11: =COUNTIFS(Cases!$H$2:$H$499,$B11,Cases!$N$2:$N$499,"Fake Success") | G11: =COUNTIFS(Cases!$H$2:$H$499,$B11,Cases!$N$2:$N$499,"Deliver to Wrong Address") | H11: =COUNTIFS(Cases!$H$2:$H$499,$B11,Cases!$N$2:$N$499,"Pull Out Route (POR)") | I11: =COUNTIFS(Cases!$H$2:$H$499,$B11,Cases!$N$2:$N$499,"Failed pick-up") | J11: =D11-SUM(E11:I11) | K11: =IF(D11=0,0,E11/D11) | L11: =COUNTIFS(Cases!$H$2:$H$499,$B11,Cases!$J$2:$J$499,"OPS (generic hub account)") | M11: =IF(D11=0,0,L11/D11) | N11: 3 | O11: =D11/COUNTA(Cases!$B$2:$B$499)
A12: 8 | B12: BKW | C12: East MY | D12: =COUNTIF(Cases!$H$2:$H$499,B12) | E12: =COUNTIFS(Cases!$H$2:$H$499,$B12,Cases!$N$2:$N$499,"Fake Fail") | F12: =COUNTIFS(Cases!$H$2:$H$499,$B12,Cases!$N$2:$N$499,"Fake Success") | G12: =COUNTIFS(Cases!$H$2:$H$499,$B12,Cases!$N$2:$N$499,"Deliver to Wrong Address") | H12: =COUNTIFS(Cases!$H$2:$H$499,$B12,Cases!$N$2:$N$499,"Pull Out Route (POR)") | I12: =COUNTIFS(Cases!$H$2:$H$499,$B12,Cases!$N$2:$N$499,"Failed pick-up") | J12: =D12-SUM(E12:I12) | K12: =IF(D12=0,0,E12/D12) | L12: =COUNTIFS(Cases!$H$2:$H$499,$B12,Cases!$J$2:$J$499,"OPS (generic hub account)") | M12: =IF(D12=0,0,L12/D12) | N12: 4 | O12: =D12/COUNTA(Cases!$B$2:$B$499)
A13: 9 | B13: LKN | C13: Southern | D13: =COUNTIF(Cases!$H$2:$H$499,B13) | E13: =COUNTIFS(Cases!$H$2:$H$499,$B13,Cases!$N$2:$N$499,"Fake Fail") | F13: =COUNTIFS(Cases!$H$2:$H$499,$B13,Cases!$N$2:$N$499,"Fake Success") | G13: =COUNTIFS(Cases!$H$2:$H$499,$B13,Cases!$N$2:$N$499,"Deliver to Wrong Address") | H13: =COUNTIFS(Cases!$H$2:$H$499,$B13,Cases!$N$2:$N$499,"Pull Out Route (POR)") | I13: =COUNTIFS(Cases!$H$2:$H$499,$B13,Cases!$N$2:$N$499,"Failed pick-up") | J13: =D13-SUM(E13:I13) | K13: =IF(D13=0,0,E13/D13) | L13: =COUNTIFS(Cases!$H$2:$H$499,$B13,Cases!$J$2:$J$499,"OPS (generic hub account)") | M13: =IF(D13=0,0,L13/D13) | N13: 12 | O13: =D13/COUNTA(Cases!$B$2:$B$499)
A14: 10 | B14: DSA | C14: KV | D14: =COUNTIF(Cases!$H$2:$H$499,B14) | E14: =COUNTIFS(Cases!$H$2:$H$499,$B14,Cases!$N$2:$N$499,"Fake Fail") | F14: =COUNTIFS(Cases!$H$2:$H$499,$B14,Cases!$N$2:$N$499,"Fake Success") | G14: =COUNTIFS(Cases!$H$2:$H$499,$B14,Cases!$N$2:$N$499,"Deliver to Wrong Address") | H14: =COUNTIFS(Cases!$H$2:$H$499,$B14,Cases!$N$2:$N$499,"Pull Out Route (POR)") | I14: =COUNTIFS(Cases!$H$2:$H$499,$B14,Cases!$N$2:$N$499,"Failed pick-up") | J14: =D14-SUM(E14:I14) | K14: =IF(D14=0,0,E14/D14) | L14: =COUNTIFS(Cases!$H$2:$H$499,$B14,Cases!$J$2:$J$499,"OPS (generic hub account)") | M14: =IF(D14=0,0,L14/D14) | N14: 3 | O14: =D14/COUNTA(Cases!$B$2:$B$499)
A15: 11 | B15: TRM | C15: Southern | D15: =COUNTIF(Cases!$H$2:$H$499,B15) | E15: =COUNTIFS(Cases!$H$2:$H$499,$B15,Cases!$N$2:$N$499,"Fake Fail") | F15: =COUNTIFS(Cases!$H$2:$H$499,$B15,Cases!$N$2:$N$499,"Fake Success") | G15: =COUNTIFS(Cases!$H$2:$H$499,$B15,Cases!$N$2:$N$499,"Deliver to Wrong Address") | H15: =COUNTIFS(Cases!$H$2:$H$499,$B15,Cases!$N$2:$N$499,"Pull Out Route (POR)") | I15: =COUNTIFS(Cases!$H$2:$H$499,$B15,Cases!$N$2:$N$499,"Failed pick-up") | J15: =D15-SUM(E15:I15) | K15: =IF(D15=0,0,E15/D15) | L15: =COUNTIFS(Cases!$H$2:$H$499,$B15,Cases!$J$2:$J$499,"OPS (generic hub account)") | M15: =IF(D15=0,0,L15/D15) | N15: 4 | O15: =D15/COUNTA(Cases!$B$2:$B$499)
A16: 12 | B16: KLI | C16: Southern | D16: =COUNTIF(Cases!$H$2:$H$499,B16) | E16: =COUNTIFS(Cases!$H$2:$H$499,$B16,Cases!$N$2:$N$499,"Fake Fail") | F16: =COUNTIFS(Cases!$H$2:$H$499,$B16,Cases!$N$2:$N$499,"Fake Success") | G16: =COUNTIFS(Cases!$H$2:$H$499,$B16,Cases!$N$2:$N$499,"Deliver to Wrong Address") | H16: =COUNTIFS(Cases!$H$2:$H$499,$B16,Cases!$N$2:$N$499,"Pull Out Route (POR)") | I16: =COUNTIFS(Cases!$H$2:$H$499,$B16,Cases!$N$2:$N$499,"Failed pick-up") | J16: =D16-SUM(E16:I16) | K16: =IF(D16=0,0,E16/D16) | L16: =COUNTIFS(Cases!$H$2:$H$499,$B16,Cases!$J$2:$J$499,"OPS (generic hub account)") | M16: =IF(D16=0,0,L16/D16) | N16: 2 | O16: =D16/COUNTA(Cases!$B$2:$B$499)
... A107: 103 | B107: YPG | C107: Northern | D107: =COUNTIF(Cases!$H$2:$H$499,B107) | E107: =COUNTIFS(Cases!$H$2:$H$499,$B107,Cases!$N$2:$N$499,"Fake Fail") | F107: =COUNTIFS(Cases!$H$2:$H$499,$B107,Cases!$N$2:$N$499,"Fake Success") | G107: =COUNTIFS(Cases!$H$2:$H$499,$B107,Cases!$N$2:$N$499,"Deliver to Wrong Address") | H107: =COUNTIFS(Cases!$H$2:$H$499,$B107,Cases!$N$2:$N$499,"Pull Out Route (POR)") | I107: =COUNTIFS(Cases!$H$2:$H$499,$B107,Cases!$N$2:$N$499,"Failed pick-up") | J107: =D107-SUM(E107:I107) | K107: =IF(D107=0,0,E107/D107) | L107: =COUNTIFS(Cases!$H$2:$H$499,$B107,Cases!$J$2:$J$499,"OPS (generic hub account)") | M107: =IF(D107=0,0,L107/D107) | N107: 1 | O107: =D107/COUNTA(Cases!$B$2:$B$499)
N108: Col N = distinct named (non-OPS) driver strings; hardcoded from the cleaned data.

Sheet Driver Watchlist
A1: Driver Watchlist — named drivers with 2+ complaints in W39
A2: Excludes generic OPS hub accounts and multi-driver rows. Counts are live formulas on the Cases sheet.
A4: Rank | B4: Driver | C4: Hub | D4: Account Type | E4: Total | F4: Fake Fail | G4: Fake Success | H4: Wrong Address | I4: Other | J4: Distinct TIDs | K4: Main Fake Fail Root Cause | L4: Suggested Action
A5: 1 | B5: BKW - ID - KENNETH | C5: BKW | D5: ID (named driver) | E5: =COUNTIF(Cases!$I$2:$I$499,B5) | F5: =COUNTIFS(Cases!$I$2:$I$499,$B5,Cases!$N$2:$N$499,"Fake Fail") | G5: =COUNTIFS(Cases!$I$2:$I$499,$B5,Cases!$N$2:$N$499,"Fake Success") | H5: =COUNTIFS(Cases!$I$2:$I$499,$B5,Cases!$N$2:$N$499,"Deliver to Wrong Address") | I5: =E5-SUM(F5:H5) | J5: 7 | K5: Invalid call log (unspecified) | L5: Escalate: HR/performance review
A6: 2 | B6: BTR - ID - KHAIRAN | C6: BTR | D6: ID (named driver) | E6: =COUNTIF(Cases!$I$2:$I$499,B6) | F6: =COUNTIFS(Cases!$I$2:$I$499,$B6,Cases!$N$2:$N$499,"Fake Fail") | G6: =COUNTIFS(Cases!$I$2:$I$499,$B6,Cases!$N$2:$N$499,"Fake Success") | H6: =COUNTIFS(Cases!$I$2:$I$499,$B6,Cases!$N$2:$N$499,"Deliver to Wrong Address") | I6: =E6-SUM(F6:H6) | J6: 4 | K6: No call / call log missing | L6: Escalate: HR/performance review
A7: 3 | B7: AOR - FM - Ihsan Rashid | C7: AOR | D7: FM (first-mile) | E7: =COUNTIF(Cases!$I$2:$I$499,B7) | F7: =COUNTIFS(Cases!$I$2:$I$499,$B7,Cases!$N$2:$N$499,"Fake Fail") | G7: =COUNTIFS(Cases!$I$2:$I$499,$B7,Cases!$N$2:$N$499,"Fake Success") | H7: =COUNTIFS(Cases!$I$2:$I$499,$B7,Cases!$N$2:$N$499,"Deliver to Wrong Address") | I7: =E7-SUM(F7:H7) | J7: 3 | K7: Wrong number called | L7: Coaching + POD audit
A8: 4 | B8: MAS - ID - ZULKARNIAN | C8: MAS | D8: ID (named driver) | E8: =COUNTIF(Cases!$I$2:$I$499,B8) | F8: =COUNTIFS(Cases!$I$2:$I$499,$B8,Cases!$N$2:$N$499,"Fake Fail") | G8: =COUNTIFS(Cases!$I$2:$I$499,$B8,Cases!$N$2:$N$499,"Fake Success") | H8: =COUNTIFS(Cases!$I$2:$I$499,$B8,Cases!$N$2:$N$499,"Deliver to Wrong Address") | I8: =E8-SUM(F8:H8) | J8: 3 | K8: — | L8: Coaching + POD audit
A9: 5 | B9: SIM - ID - ISMAIL | C9: SIM | D9: ID (named driver) | E9: =COUNTIF(Cases!$I$2:$I$499,B9) | F9: =COUNTIFS(Cases!$I$2:$I$499,$B9,Cases!$N$2:$N$499,"Fake Fail") | G9: =COUNTIFS(Cases!$I$2:$I$499,$B9,Cases!$N$2:$N$499,"Fake Success") | H9: =COUNTIFS(Cases!$I$2:$I$499,$B9,Cases!$N$2:$N$499,"Deliver to Wrong Address") | I9: =E9-SUM(F9:H9) | J9: 3 | K9: Wrong number called | L9: Coaching + POD audit
A10: 6 | B10: KSR - ID - AZRI | C10: KSR | D10: ID (named driver) | E10: =COUNTIF(Cases!$I$2:$I$499,B10) | F10: =COUNTIFS(Cases!$I$2:$I$499,$B10,Cases!$N$2:$N$499,"Fake Fail") | G10: =COUNTIFS(Cases!$I$2:$I$499,$B10,Cases!$N$2:$N$499,"Fake Success") | H10: =COUNTIFS(Cases!$I$2:$I$499,$B10,Cases!$N$2:$N$499,"Deliver to Wrong Address") | I10: =E10-SUM(F10:H10) | J10: 3 | K10: Invalid location / site photo | L10: Coaching + POD audit
A11: 7 | B11: MTG - FM - Shazwan Saupi | C11: KEM | D11: FM (first-mile) | E11: =COUNTIF(Cases!$I$2:$I$499,B11) | F11: =COUNTIFS(Cases!$I$2:$I$499,$B11,Cases!$N$2:$N$499,"Fake Fail") | G11: =COUNTIFS(Cases!$I$2:$I$499,$B11,Cases!$N$2:$N$499,"Fake Success") | H11: =COUNTIFS(Cases!$I$2:$I$499,$B11,Cases!$N$2:$N$499,"Deliver to Wrong Address") | I11: =E11-SUM(F11:H11) | J11: 3 | K11: No call / call log missing | L11: Coaching + POD audit
A12: 8 | B12: SIM - ID - IMRANNN | C12: SIM | D12: ID (named driver) | E12: =COUNTIF(Cases!$I$2:$I$499,B12) | F12: =COUNTIFS(Cases!$I$2:$I$499,$B12,Cases!$N$2:$N$499,"Fake Fail") | G12: =COUNTIFS(Cases!$I$2:$I$499,$B12,Cases!$N$2:$N$499,"Fake Success") | H12: =COUNTIFS(Cases!$I$2:$I$499,$B12,Cases!$N$2:$N$499,"Deliver to Wrong Address") | I12: =E12-SUM(F12:H12) | J12: 3 | K12: Customer disputes attempt | L12: Coaching + POD audit
A13: 9 | B13: KEM - ID - CHOU | C13: KEM | D13: ID (named driver) | E13: =COUNTIF(Cases!$I$2:$I$499,B13) | F13: =COUNTIFS(Cases!$I$2:$I$499,$B13,Cases!$N$2:$N$499,"Fake Fail") | G13: =COUNTIFS(Cases!$I$2:$I$499,$B13,Cases!$N$2:$N$499,"Fake Success") | H13: =COUNTIFS(Cases!$I$2:$I$499,$B13,Cases!$N$2:$N$499,"Deliver to Wrong Address") | I13: =E13-SUM(F13:H13) | J13: 3 | K13: Customer disputes attempt | L13: Coaching + POD audit
A14: 10 | B14: BKM - ID - FIKRI | C14: BKM | D14: ID (named driver) | E14: =COUNTIF(Cases!$I$2:$I$499,B14) | F14: =COUNTIFS(Cases!$I$2:$I$499,$B14,Cases!$N$2:$N$499,"Fake Fail") | G14: =COUNTIFS(Cases!$I$2:$I$499,$B14,Cases!$N$2:$N$499,"Fake Success") | H14: =COUNTIFS(Cases!$I$2:$I$499,$B14,Cases!$N$2:$N$499,"Deliver to Wrong Address") | I14: =E14-SUM(F14:H14) | J14: 2 | K14: Wrong number called | L14: Monitor / coaching
A15: 11 | B15: OUG - ID - MUHAMAR | C15: OUG | D15: ID (named driver) | E15: =COUNTIF(Cases!$I$2:$I$499,B15) | F15: =COUNTIFS(Cases!$I$2:$I$499,$B15,Cases!$N$2:$N$499,"Fake Fail") | G15: =COUNTIFS(Cases!$I$2:$I$499,$B15,Cases!$N$2:$N$499,"Fake Success") | H15: =COUNTIFS(Cases!$I$2:$I$499,$B15,Cases!$N$2:$N$499,"Deliver to Wrong Address") | I15: =E15-SUM(F15:H15) | J15: 2 | K15: Customer disputes attempt | L15: Monitor / coaching
A16: 12 | B16: GEO - MES - ANWAR | C16: GEO | D16: Other coded | E16: =COUNTIF(Cases!$I$2:$I$499,B16) | F16: =COUNTIFS(Cases!$I$2:$I$499,$B16,Cases!$N$2:$N$499,"Fake Fail") | G16: =COUNTIFS(Cases!$I$2:$I$499,$B16,Cases!$N$2:$N$499,"Fake Success") | H16: =COUNTIFS(Cases!$I$2:$I$499,$B16,Cases!$N$2:$N$499,"Deliver to Wrong Address") | I16: =E16-SUM(F16:H16) | J16: 2 | K16: — | L16: Monitor / coaching
... A38: 34 | B38: BPT - ID - ZULHILMI S | C38: BPT | D38: ID (named driver) | E38: =COUNTIF(Cases!$I$2:$I$499,B38) | F38: =COUNTIFS(Cases!$I$2:$I$499,$B38,Cases!$N$2:$N$499,"Fake Fail") | G38: =COUNTIFS(Cases!$I$2:$I$499,$B38,Cases!$N$2:$N$499,"Fake Success") | H38: =COUNTIFS(Cases!$I$2:$I$499,$B38,Cases!$N$2:$N$499,"Deliver to Wrong Address") | I38: =E38-SUM(F38:H38) | J38: 1 | K38: Invalid location / site photo | L38: Monitor / coaching
A40: Suggested Action rule (analyst assumption): 4+ cases = escalate; 3 = coaching + POD audit; 2 = monitor. Distinct TIDs and root cause are hardcoded from the cleaned data.

Sheet Repeat TIDs
A1: Repeat TIDs — same parcel logged more than once in W39
A2: Either the same parcel was complained about again, or the same case was keyed in twice.
A4: Tracking ID | B4: Times Logged | C4: Complaint Types | D4: Hub | E4: Driver(s) Named | F4: First Logged | G4: Last Logged | H4: Gap (hrs) | I4: Assessment
A5: WNJMY00006942908 | B5: =COUNTIF(Cases!$B$2:$B$499,A5) | C5: Pull Out Route (POR) → Fake Fail → Pull Out Route (POR) → Fake Fail | D5: BKW | E5: BKW - OPS - SELFCOLLECT2 | BKW - OPS - SELFCOLLECT | Muqzamir Ahmad2 | aidilshazwan azamri | F5: 46287.724 | G5: 46290.511 | H5: =ROUND((G5-F5)*24,1) | I5: Multiple failure types on same parcel
A6: DEONL1549361821138235392 | B6: =COUNTIF(Cases!$B$2:$B$499,A6) | C6: Fake Fail → Fake Fail | D6: SBW | E6: SBW - ID - ZULHELMI | F6: 46287.707 | G6: 46288.459 | H6: =ROUND((G6-F6)*24,1) | I6: Repeat complaint — escalate (issue not resolved after first case)
A7: HAWAS1551423395595153408 | B7: =COUNTIF(Cases!$B$2:$B$499,A7) | C7: Fake Fail → Fake Fail | D7: BPT | E7: BPT - ID - ZULHILMI S | F7: 46290.386 | G7: 46290.645 | H7: =ROUND((G7-F7)*24,1) | I7: Repeat complaint — escalate (issue not resolved after first case)
A8: MAILB1547537792528531456 | B8: =COUNTIF(Cases!$B$2:$B$499,A8) | C8: Fake Success → Fake Success | D8: BRP | E8: SYED HILMAN | F8: 46288.738 | G8: 46290.713 | H8: =ROUND((G8-F8)*24,1) | I8: Repeat complaint — escalate (issue not resolved after first case)
A9: NVMYCOMOO000015506 | B9: =COUNTIF(Cases!$B$2:$B$499,A9) | C9: Fake Fail → Fake Fail | D9: GLG | E9: GLG - OPS - ENGKU | GLG - OPS - ENGKU | GLG - ID - AHMAD ARSYHAD | F9: 46286.674 | G9: 46288.385 | H9: =ROUND((G9-F9)*24,1) | I9: Repeat complaint — escalate (issue not resolved after first case)
A10: NVMYCRGMABP3888094 | B10: =COUNTIF(Cases!$B$2:$B$499,A10) | C10: Fake Fail → Fake Fail | D10: KEM | E10: OPS - KEM | BHU - FM - Mohammad Fahmi | F10: 46289.705 | G10: 46291.403 | H10: =ROUND((G10-F10)*24,1) | I10: Repeat complaint — escalate (issue not resolved after first case)
A11: NVMYMAOPT000056705 | B11: =COUNTIF(Cases!$B$2:$B$499,A11) | C11: Fake Fail → Pull Out Route (POR) | D11: PSG | E11: PSG - OPS | firdaus asri1 | F11: 46290.594 | G11: 46290.595 | H11: =ROUND((G11-F11)*24,1) | I11: Multiple failure types on same parcel
A12: NVMYNINJA002510859 | B12: =COUNTIF(Cases!$B$2:$B$499,A12) | C12: Pull Out Route (POR) → Fake Fail | D12: BAG | E12: Adam Haris | BAG - OPS - ADAM | F12: 46286.495 | G12: 46287.388 | H12: =ROUND((G12-F12)*24,1) | I12: Multiple failure types on same parcel
A13: NVMYNINJA002518185 | B13: =COUNTIF(Cases!$B$2:$B$499,A13) | C13: Fake Fail → Fake Fail | D13: PJY | E13: OPS - PJY | PJY - HD - RAZIQIN | F13: 46287.52 | G13: 46289.569 | H13: =ROUND((G13-F13)*24,1) | I13: Repeat complaint — escalate (issue not resolved after first case)
A14: NVMYONEGA000042873 | B14: =COUNTIF(Cases!$B$2:$B$499,A14) | C14: Fake Fail → Fake Fail | D14: AUS | E14: OPSAUS | AUS - ID - NAZRULHADY | F14: 46288.569 | G14: 46289.48 | H14: =ROUND((G14-F14)*24,1) | I14: Repeat complaint — escalate (issue not resolved after first case)
A15: NVMYPZXMS000047975 | B15: =COUNTIF(Cases!$B$2:$B$499,A15) | C15: Fake Fail → Fake Fail | D15: MAS | E15: MAS - ID - EZLYANA | MAS - ID - SALMA | F15: 46286.509 | G15: 46288.753 | H15: =ROUND((G15-F15)*24,1) | I15: Repeat complaint — escalate (issue not resolved after first case)
A16: NVMYPZXMS000048159 | B16: =COUNTIF(Cases!$B$2:$B$499,A16) | C16: Fake Fail → Fake Fail | D16: PJY | E16: OPS - PJY | PJY - HD - RAZIQIN | F16: 46288.634 | G16: 46288.634 | H16: =ROUND((G16-F16)*24,1) | I16: Likely double entry — dedupe
... A21: ZMP274355945-2588 | B21: =COUNTIF(Cases!$B$2:$B$499,A21) | C21: Fake Fail → Fake Fail | D21: SEG | E21: SEG - OPS - STATION HEAD | F21: 46287.487 | G21: 46289.697 | H21: =ROUND((G21-F21)*24,1) | I21: Repeat complaint — escalate (issue not resolved after first case)

Sheet Metabase Lookup
A1: Tracking ID | B1: Global ID | C1: Prior Tag Count | D1: Prior Tag Names | E1: Latest Prior Tag Date | F1: First Logged in W39 | G1: Cases in W39 | I1: Yellow cells = paste Metabase results here (see "How to Sync").
A2: TNGE126027128651727000 | F2: =_xlfn.MINIFS(Cases!$D$2:$D$499,Cases!$B$2:$B$499,A2) | G2: =COUNTIF(Cases!$B$2:$B$499,A2) | I2: Prior Tag Count = tags applied to the order BEFORE the first W39 complaint (column F).
A3: ZMP299487945-2851 | F3: =_xlfn.MINIFS(Cases!$D$2:$D$499,Cases!$B$2:$B$499,A3) | G3: =COUNTIF(Cases!$B$2:$B$499,A3) | I3: Everything in Cases / Summary updates automatically once these are filled.
A4: TNGE126027145702566000 | F4: =_xlfn.MINIFS(Cases!$D$2:$D$499,Cases!$B$2:$B$499,A4) | G4: =COUNTIF(Cases!$B$2:$B$499,A4)
A5: NVIDSPMLL000000202 | F5: =_xlfn.MINIFS(Cases!$D$2:$D$499,Cases!$B$2:$B$499,A5) | G5: =COUNTIF(Cases!$B$2:$B$499,A5)
A6: TNGDV2609146889176270 | F6: =_xlfn.MINIFS(Cases!$D$2:$D$499,Cases!$B$2:$B$499,A6) | G6: =COUNTIF(Cases!$B$2:$B$499,A6)
A7: FAEYE1546375134655770624 | F7: =_xlfn.MINIFS(Cases!$D$2:$D$499,Cases!$B$2:$B$499,A7) | G7: =COUNTIF(Cases!$B$2:$B$499,A7)
A8: NVMYSOUPE000000897 | F8: =_xlfn.MINIFS(Cases!$D$2:$D$499,Cases!$B$2:$B$499,A8) | G8: =COUNTIF(Cases!$B$2:$B$499,A8)
A9: TESMX1550062495809400832 | F9: =_xlfn.MINIFS(Cases!$D$2:$D$499,Cases!$B$2:$B$499,A9) | G9: =COUNTIF(Cases!$B$2:$B$499,A9)
A10: TNGSB125896319766994000 | F10: =_xlfn.MINIFS(Cases!$D$2:$D$499,Cases!$B$2:$B$499,A10) | G10: =COUNTIF(Cases!$B$2:$B$499,A10)
A11: NVMYTRADE014219299 | F11: =_xlfn.MINIFS(Cases!$D$2:$D$499,Cases!$B$2:$B$499,A11) | G11: =COUNTIF(Cases!$B$2:$B$499,A11)
A12: NVMYNINJA002502078 | F12: =_xlfn.MINIFS(Cases!$D$2:$D$499,Cases!$B$2:$B$499,A12) | G12: =COUNTIF(Cases!$B$2:$B$499,A12)
A13: MANIR1548139880832774144 | F13: =_xlfn.MINIFS(Cases!$D$2:$D$499,Cases!$B$2:$B$499,A13) | G13: =COUNTIF(Cases!$B$2:$B$499,A13)
A14: ECFPLXX021424715 | F14: =_xlfn.MINIFS(Cases!$D$2:$D$499,Cases!$B$2:$B$499,A14) | G14: =COUNTIF(Cases!$B$2:$B$499,A14)
A15: MYNJV70088695348 | F15: =_xlfn.MINIFS(Cases!$D$2:$D$499,Cases!$B$2:$B$499,A15) | G15: =COUNTIF(Cases!$B$2:$B$499,A15)
... A480: NVMYNINJA002519165 | F480: =_xlfn.MINIFS(Cases!$D$2:$D$499,Cases!$B$2:$B$499,A480) | G480: =COUNTIF(Cases!$B$2:$B$499,A480)

Sheet Data Quality
A1: Data Quality Log
A2: Issues found in the original W39 sheet and how they were handled in this workbook.
A4: Issue | B4: Rows Affected | C4: How Handled | D4: Recommendation for the Google Form / Sheet
A5: Driver field is a generic hub OPS account (e.g. "OPS - PJY", "GLG - OPS - ENGKU") — actual driver unknown | B5: =COUNTIF(Cases!$J$2:$J$499,"OPS (generic hub account)") | C5: Classified as "OPS (generic hub account)"; excluded from Driver Watchlist. | D5: Make driver name mandatory: look up the driver on the route (Route ID) before submitting. Half of all cases cannot be actioned against a person.
A6: More than one driver in a single row (separated by &, / or line breaks) | B6: =COUNTIF(Cases!$J$2:$J$499,"Multiple drivers") | C6: Split, de-duplicated and joined with " | ". | D6: One row per driver, or a separate "Secondary driver" field.
A7: More than one Route ID in a single row | B7: =COUNTIF(Cases!$L$2:$L$499,">1") | C7: Extracted all route numbers, removed duplicates, joined with ", ". | D7: Separate route field per attempt; numeric validation.
A8: Tracking ID had trailing spaces / line breaks | B8: 46 | C8: Whitespace stripped so TIDs match Metabase exactly. | D8: Add data validation (no spaces) on the TID field.
A9: Same TID logged more than once | B9: =COUNTA('Repeat TIDs'!A5:A21) | C9: Kept all rows; listed on "Repeat TIDs" with an assessment. | D9: Check for an existing case before logging; use CRM case ID as the unique key.
A10: Keyed-in-By names spelled inconsistently (zati/Zati, AIMENN AIYAD, izzni, NInja Hadif, Ysna) | B10: 89 | C10: Normalised to a single spelling. "Ysna" assumed to be "Yana". "Shafiq" kept separate from "Syafiq" (could be a different person — please confirm). | D10: Replace free text with a dropdown of agent names.
A11: Region "Eastern" used once (hub TRI) — not one of the standard regions | B11: =COUNTIF(Cases!$G$2:$G$499,"Eastern") | C11: Left as-is and flagged. | D11: Dropdown for Region, or derive it from Hub automatically.
A12: Hub codes had leading/trailing spaces (e.g. "BKM ", " LKN") | B12: 172 | C12: Trimmed and upper-cased. | D12: Dropdown for Hub.
A13: Complaint type does not match the details (a "Fake Fail" describing wrong address; another describing a POR) | B13: =COUNTIF(Cases!$O$2:$O$499,"Type mismatch*") | C13: Kept original type; flagged in root cause column. | D13: Reviewer spot-check of type vs details.
A14: Timestamp stored as text (dd/mm/yyyy hh:mm:ss) — could not be sorted or grouped by date | B14: 498 | C14: Converted to real date/time; added Date and Day columns. | D14: Keep Google Form timestamp format as date.
A15: Sheet7 (Fake Fail only) and Sheet6 (pivot) duplicated Sheet5 | B15: — | C15: Replaced by filters on "Cases" and the live Summary tables. Original Sheet5 kept as "Raw (original)". | D15: —

Sheet How to Sync
A1: How to sync with Metabase (Global ID + prior tagging)
A2: The Metabase account used for this analysis had no data access, so these columns are ready to be filled.
A4: Step 1 | B4: Open Metabase → New → SQL query, choose the MY core/orders database.
A5: Step 2 | B5: Paste the SQL below. The TID list in cell B12 is already quoted and comma-separated — paste it inside IN ( ... ).
A6: Step 3 | B6: Adjust table / column names if your schema differs (orders, order_tags, tags are the usual Ninja Van core tables). This SQL is a template and has not been run.
A7: Step 4 | B7: Download the result and paste columns into "Metabase Lookup" B:E (match on Tracking ID). The Cases sheet and Summary update automatically.
A8: Definition | B8: "Prior tagging" = any tag applied to the order before its first W39 complaint (22:00 on 20 Sep 2026 is used as the cut-off in the template; tighten per TID using Metabase Lookup column F if needed).
A10: SQL template | B10: SELECT o.tracking_id, o.id AS global_id, COUNT(DISTINCT ot.tag_id) AS prior_tag_count, GROUP_CONCAT(DISTINCT t.name ORDER BY ot.created_at SEPARATOR ', ') AS prior_tags, MAX(ot.created_at) AS latest_prior_tag_date FROM orders o LEFT JOIN order_tags ot ON ot.order_id = o.id AND ot.created_at < '2026-09-21 00:00:00' AND ot.deleted_at IS NULL LEFT JOIN tags t ON t.id = ot.tag_id WHERE o.tracking_id IN ( <paste cell B12 here> ) GROUP BY o.tracking_id, o.id;
A12: TID list (479 unique) | B12: 'TNGE126027128651727000', 'ZMP299487945-2851', 'TNGE126027145702566000', 'NVIDSPMLL000000202', 'TNGDV2609146889176270', 'FAEYE1546375134655770624', 'NVMYSOUPE000000897', 'TESMX1550062495809400832', 'TNGSB125896319766994000', 'NVMYTRADE014219299', 'NVMYNINJA002502078', 'MANIR1548139880832774144', 'ECFPLXX021424715', 'MYNJV70088695348', 'CHVIN000010477', 'ZNV252917945-9837', 'NVMYTRADE014220750NVMYTRADE014220720', 'TNGE126027123707211000', 'TESMX1549981438514819072', 'ZRP859473225359', 'NVMYPSITI000008262', 'NVMYMZ0N3000028117', 'ZNV253317945-1886', 'ZRP859373225311', 'ZNV946823440-8240-BKS', 'ZMYITJ6MMPDS-2777789', 'ZNV946832382-8599', 'TNGDV2609136945139660', 'NVMYHILAL00HL23336', 'NLMYWA04659534', 'NVMYKILATWK0076807', 'AMNV005963959', 'ADI111550482187476107264', 'MAILB1549313460283060224', 'TAIN1546068998241939456', 'NVMYTNAMR000000532', 'MOOK1550361206561648640', 'MYNJV70045865378/MYNJV70035605218', 'NVMYNINJA002510859', 'NVMYSOUPE000000919', 'AEMYA000630786', 'NVMYHNMHN00316406S', 'NVMYKQURN000013676', 'ESHP003312074', 'LSGMY5905428', 'AEMYA000627832', 'AEMYA000627254', 'NVMYPZXMS000047975', 'TNGE126047263325076000', 'AJDHU1550037634185019392', 'COTONW00041396747', 'MASTR1548469847196155904', 'TNGDV2609036836185310', 'NVMYPZXMS000047968', 'NVMYNINJA002509240', 'RYTDBZVLUL38BLH', 'TNGEO202608261001243193', 'NVMYZAFES000476028', 'NVMYDOCMY000088025', 'TNGDV2609046829976170', 'NVMY47403000011228', 'PETSMPTC243536', 'TNGDV2608316789446580', 'AEMYA000629320', 'NVMY45537000029805', 'NVMYCRGMABP3853537', 'WNJMY00535212908', 'NVMYNXG3S000023005', 'ZRS4115713219939', 'TNGDV2609096865669450', 'TNGDV2609156948986000', 'TNGDV2609096878921600', 'TNGDV2609156928618340', 'AJDHU1547854775576936448', 'NVMYLTCMU000000160', 'NIVMY1549984394616983552', 'AEMYA000615925', 'ZMP241385945-5821', 'NVMY48214000023869', 'ZMP271541945-3625', 'NVMY8NFNT0HW10327A', 'NVMYYSLWE330031831', 'VICTN1549303472678359040', 'VICTN1549990377922347008', 'NVMYONEGA000042476', 'WNJMY00190082908', 'APGUK012000005049513', 'RNCNV000498992', 'NVMYCOMOO000015506', 'NVMYCHMOT000000348', 'NVMY21533000009024', 'NVMYSIS120SIS48138', 'ZNV946827970-1591', 'ADI111550678986921603072', 'TNGE126047281027686000', 'NVMYNINJA002511067', 'MYMPA261084847', 'NVMYGMPKT00SH8766A', 'NVMYROBAN000005753', 'NVMYYUSMM000002979', 'ESHP003312054', 'MYNJV70067115778', 'NVMYNINJA002497597', 'ZMP258439945-6440', 'NVMYHYGRR00121440A', 'ZRP856483223067', 'TNGDV2609056822351280', 'NVMYSECOM000093574', 'NVMYBPXPD000001853', 'UMIDI1548934597354450944&UMIDI1548934598646771712', 'ZMP291418945-2148', 'MY-NV093284166', 'MYNJV70062415718', 'NVMYHNIKJ00316257E', 'BAZAE1550537982831177728', 'STLMY1544276476882800640', 'NVMYVSI0N000005699', 'MYNJV70005095678', 'KULIM1550108430772015104', 'CASIA1548166026215026688', 'NVMYMYBAL000039241', 'NVMYDAIGO0SD11689A', 'BBPE1548563273542471680', 'TNGDV2609156900807310', 'AJDHU1550340179671482368', 'NVMYNINJA002508449', 'NVMYFCSSB000000568', 'NVMYMYAZL000000044', 'NVMYHENEL000011349', 'ZNV211571945-3369', 'MAILB1550695095780970496', 'FBEAR1549328730363207680', 'TNGE326040018499785030', 'CCORB1550039098201280512', 'NVMYTEPIS000003837', 'NLMYWA04659139', 'ESHP003312621', 'NVMY9MTNY000005885', 'THIDR17920266', 'NVMYNINJA002513766', 'NVMYMYWRI000002165', 'MUJIM0000089331003', 'APGUK012000005043821', 'NVMY00SNS102333600', 'NVMYTCALE000000964', 'ZMP274355945-2588', 'BBPE1550736921844985856', 'TNGDV2608306813565210', 'TNGE126007020392797000', 'NVMYHJSBG000023117', 'AEMYA000629951', 'NVMYTEPIS000003833', 'NVMYTEPIS000003807', 'NVMYNINJA002518185', 'TNGDV2609086877050030', 'TNGDV2609096888689700', 'TNGE125896323458678000', 'NVMYANIMO000001482', 'ZMP212817945-9249', 'AEMYA000620728', 'JYHMYNJVM2026090738X', 'WNJMY00915882908', 'NVMYMSNCK000003762', 'NVMYZZTAP000002334', 'TNGDV2609116876150630', 'NVMY20168000067284', 'KIMKB1528948758730264576', 'AEMYA000625234', 'XHY00400470', 'NVMYSFPRO000001022-001', 'MAILB1550392111345020928', 'NVMY68168001493757', 'MYNJV70049255468', 'NVMYFRSTG000015870', 'NVMYLIONF00LF10310-001NVMYLIONF00LF10310-002', 'JSXPR1547540931444981760', 'WNJMY00154402909', 'TNGDV2609166908059150', 'ESHP003313075', 'NVMYALM2Y050520741', 'ZMP264265945-5730', 'NVMY41A68000004589', 'NVMYKNKAD000005234', 'DESAR1550025465117274112', 'NLMYWA04659528', 'GMJI9701623533001', 'NVMYNUYUS000003404', 'NVMYDOCMY000089692', 'MYNJV70088605618', 'ZRP856253222893ZRP857883224124', 'RNCNV000500472', 'NVMYKBARA000008766', 'MAILB1550405881677856768', 'MYNJV70074605248,NVMYVTJSS000041886', 'NVMYTA1SI000343229', 'NVMY47011000005541', 'TNGDV2609136901043020', 'DEONL1549361821138235392', 'RYTDBTQ7WO52SA8', 'NVMYTSHSN000010726', 'TNGEO202609111001254427', 'NVMYCOMIT000002083', 'WNJMY00006942908', 'TNGDV2609126894940030', 'ZNV283877945-1611', 'NVMYKILATWK0077036', 'ESHP003312506', 'NVMYAPTST000006617', 'NVMYYSLWE11037071A', 'NVMYIMPJM000001454', 'MLCOW1549977659915173888', 'ZCOS00707946827971/ZCOS00708946728334', 'NVMYKAMAT000013283', 'NVMYNINJA002521024', 'MYNJV70064585638', 'NVMYQUTN0000015757', 'NVMYMOLBC000001942', 'TNGDV2609076844573390', 'NVMYNINJA002513733', 'RYTDBYP63YO4WN0', 'NVMYTDGPP102333622', 'RYTDBD29JAYW9LL', 'NVMYLUGIF000000218', 'NVMYNINJA002517028', 'NVMYNINJA002514124', 'MYNJV70027665658', 'AEMYA000627407', 'TNGSB125966755831752000', 'NVMYMKLYW000NICOLE', 'PARAS0017266312', 'TNGE125996954640361000', 'NVMYDYURA050594351', 'NVMYKILATWK0077175', 'NVMYSMRTP026091313-001', 'JY200160145', 'CHVIN000010433', 'FARCM24693436-1', 'TNGDV2609126917953110', 'NVMYDDTSE00013757A', 'NVMYMYNTW000HOVIS1-001', 'LLABO01150A', 'NVMYGCHEN000000483', 'MYNJV70042015878', 'TNGE126006994822516000', 'NVMYADI00000422148', 'NVMYNINJA002501647', 'SPDRT1550468303319040000', 'NVMYWLDAN000015808', 'NVMYSFPRO000001025-001NVMYSFPRO000001025-002', 'AEMYA000627864', 'STLMY1550782677370200064', 'LIVHU1550696753238847488', 'NVMYNINJA002509548', 'NVMYYAMOW000003004', 'TWMY00SM26035579-002', 'NVMYRAHOL050469063', 'NVMYMZ0N3000028442', 'AEMYA000634021', 'TYARA18799A', 'NVMYWP00000GRACE10', 'STLMY1550348916931018752', 'RYTDB8P4QYWC16W', 'ZNV217543945-1255', 'NVMYONEGA000042873', 'ZNV946826890-4877', 'NVMYNINJA002524047', 'TNGDV2609096877053600', 'NVMYNINJA002510812', 'NVMYTRADE014223243', 'NVMYPZXMS000048159', 'LSGMY5908395', 'TNGEO202609131001256129', 'NVMYSMR88SM6855765', 'TNGSB126037180372543000', 'TNGEO202609161001258530', 'ZNV217481945-2866', 'NVMYLAYFO000002120q', 'NVMYNEUTR0UP143771', 'HBMY1551483304300576768', 'NVMYNINJA002522007', 'MAILB1547537792528531456', 'NVMYPZXMS000047676', 'JSXPR1550351336619966464', 'NVMYNRLIL050614937', 'TNGE326040017388104080', 'HAWAS1547446975398883328', 'TNGE126067384604826000', 'SIASG1544997664729550848', 'NVMY45537000029927', 'TNGDV2609156907420100', 'RYTDB1ZPYOXLUYJ', 'PGMLL0004629322-1-1-51', 'RIDZL1551442465070960640', 'NVMYPOPLKIF1220375', 'NFRSH1012526', 'TNGEO202609171001259197', 'SYI1551481379977601024', 'NVMYNINJA002523519', 'MJCPE1549037237451567104', 'NVMYASTCH000011456', 'AEMYA000630852', 'SHINE1551872275179208704', 'MUMPL1551622217028452352', 'TNGE126017056518403000', 'MYNJV70059945668', 'TNGDV2609136913811870', 'AEMYA000635657', 'MAILB1550738280369963008', 'NVMYTHROA000000598', 'LNID2609BN6UAD4K', 'NVMYAIMIM000004143', 'NVMYBEVLA921354189', 'NVMYHOOHI000012204', 'NVMYSECOM000093833', 'MYNJV70096675528', 'MYNJV70073295398', 'LYCHN1550143940582481920', 'NVMYADI00000422746', 'NVMYAXVEL000112120', 'MYNJV70008945938', 'NLMYWA04658968', 'PGMLL0004629950-1-1-27', 'TNGE126007000501702000', 'ESHP003314995', 'MYNJV70093465568', 'ZNV256384945-4282', 'HFGMY12609161310007', 'NVMYNINJA002502259', 'BEINT1546361398446215168', 'MGBOO1549219794276077568', 'SUMORNJ3698-001', 'TNGE126057319316659000', 'NVMYPZXMS000048199', 'NVMYNINJA002523907', 'SFDUN1551440210219233280', 'NVMY48214000023987', 'NVMYTEPIS000003841', 'NVMYMVBLY050581976', 'NVMYCRGMABP3888094', 'TRESA372646401', 'NVMYSILKN000018213', 'MYNJV70043925628', 'SYI1551535855957438464', 'TNGEO202609041001249005', 'NVMYAJUNA093311976', 'NVMYHNIKJ0316706CC', 'NVMYAR11V000137129', 'AEMYA000633717', 'ZMP212761945-9199', 'MYNJV70005976008', 'NVMYDLRA000DL80075', 'MOONB1548961047584903168', 'TNGDV2609196953561960', 'NVMYTMTSB0TH67622I', 'MYNJV70039345518', 'HAWAS1551423395595153408', 'NVMYNINJAMYRPLPV1Y', 'TNGE126067354686503000', 'NVMYNINJA002519071', 'ESHP003314663', 'RSAPA2601402-001,RSAPA2601402-002&RSAPA2601402-003', 'AMNV005965607', 'KLNNBR004925', 'NVMYDOCMY000089342', 'NVMYDRSMG000046536', 'NVMYN4TUP000000653-001', 'MYNJV70058725648', 'NVMYPKGRO000003879', 'NVMYDOCMY000089617', 'TNGDV2609106895983080', 'NVMYNINJA002526014', 'NVMYHVMJB0316698CC', 'NVMYNINJA002503781', 'NVMYKEIMA000009699', 'NVMYNINJA002525652', 'ZMP228561945-5221', 'XHY00400946', 'MYNJV70054005568', 'NVMYJOCEL000115093', 'NVMYQISZR00440341A', 'TNGDV2609176911637730', 'NVMYAXVEL000112073', 'AJDHU1549235139594887168', 'NVMYMASYE000000003', 'WESRS1551197386171473920', 'TNGDV2609196956179110', 'TNGDV2609126912414340', 'AEMYA000637229', 'NVMYMAOPT000056705', 'TNGE326020018325386770', 'HAFDA1551311816403288064', 'NVMYVNTRL00095212A', 'NVMYFRSTG000015878', 'NVMYFUMSB002601441-004', 'NVMY21533000009049', 'UMIDI1551484761843580928', 'NVMYNINJA002524173', 'NVMYMAURE000005570', 'NVMYTSHSN000010671', 'SIASG1549237398332002304', 'NVMYJNNEE000FE2FE2', 'OASIS1551935707836563456', 'MAILBP63218', 'MYNJV70088895918', 'NVMYGRITM000000975', 'AMNV005962832', 'STLMY1550748596491894784', 'MYNJV70061605738', 'NVMYYIJIA000002856', 'TNGDV2609176979102830', 'NVMYNINJA002525573', 'NVMYNINJA002524588', 'TNGDV2609136921142710', 'AJDHU1551787456464850944', 'NVMYBNBMS000019184', 'NVMYHETUP000007729', 'NVMYMYAZL000000045', 'PYHCS1551483367557894144', 'NVMYADI00000422193', 'TNGSB126107603036673000', 'ZNV218133945-9245', 'NVMYNRWAE000000555', 'NVMYPCTDA000003033', 'DEONL1552139449979105280', 'MYNJV70011815668', 'MYNJV70024105848', 'NVMYAFAAG093340266', 'NVMYVTERA0FB714726', 'MUJIM0000092080419', 'AMNV005968012', 'KPSLT1552534938003660800', 'NVMYINISF03196313A', 'NVMYDA1LY000003664', 'NVMYADI00000420606', 'NVMYPKGRO000003887', 'ANTEX1551895848224653312', 'NVMYNCREA000000612', 'TNGDV2609206888477350', 'NLMYA72425530', 'JY200159772', 'AEMYA000634058', 'NVMYRDSPP000000053', 'DDLMM1550802115664117760', 'TNGE326080018402666750', 'STDMYLJJ7468743512', 'MATAC1551813969266601984', 'AEMYA000632007', 'TNGDV2609126845835910', 'NVMYMYRAM000074165', 'TNGDV2609186908204390', 'AEMYA000632784', 'MAILB1552598312402010112', 'AEMYA000639251', 'NVMYREMDR000001209', 'NVMYPZXMS000048335', 'MYNJV70098335768', 'TNGDV2609186906917950', 'EMY260282044KREMY260282024KREMY260282043KR', 'NVMYDOCMY000089670', 'AEMYA000633164', 'TNGE126077410792712000', 'MYNJV70088805988', 'NVMYAIRSP102334442', 'NVMYPKONG000005347', 'TNGDV2609216958934590', 'TNGDV2609186880120580', 'LSGMY5913756', 'NVMYANSRI001028392', 'AEMYA000634721AEMYA000634535', 'AEMYA000638031', 'NVMYNINJA002529523', 'TNGDV2609226930143260', 'TNGDV2609216958016760', 'NVMYMLISS000018021', 'ECMY827980022', 'DOINK24607A', 'NVMYNINJA002495587', 'THLTH1552157980114247680', 'NVMYNINJA002519165'
A14: Open question | B14: "Global ID" is assumed to be the order's global/order ID (orders.id). If you meant the driver's global ID, swap o.id for the driver ID from the route/transaction table.

Sheet Raw (original)
A1: Timestamp | B1: Tracking ID | C1: CRM case ID | D1: Route ID | E1: Region | F1: Hub | G1: Driver's Name | H1: Type of driver | I1: Complaint Type | J1: Complaint Details | K1: Keyed in By
A2: 21/09/2026 09:26:39 | B2: TNGE126027128651727000 | C2: 262162627794 | D2: 91838155 | E2: KV | F2: WMJ | G2: WMJ - ID - MUHAMMAD EFENDY | H2: LM | I2: Fake Success | J2: The driver delivered the parcel after the customer made complaint | K2: Naveen
A3: 21/09/2026 09:40:23 | B3: ZMP299487945-2851 | C3: 260912621851 | D3: 91832320 | E3: Southern | F3: KLI | G3: KLI - ID - NURIZZAH | H3: LM | I3: Fake Success | J3: The driver delivered the parcel after the customer made complaint | K3: Naveen
A4: 21/09/2026 09:41:43 | B4: TNGE126027145702566000 | C4: 268162624947 | D4: 91840248 | E4: Southern | F4: KLI | G4: KLI - ID - NURULAZIERAH | H4: LM | I4: Deliver to Wrong Address | J4: the driver delivered the parcel to wrong address instead of customers address | K4: Naveen
A5: 21/09/2026 09:43:11 | B5: NVIDSPMLL000000202 | C5: 267822638198 | D5: 91851116 | E5: Northern | F5: BKM | G5: BKM - ID - FIKRI | H5: LM | I5: Fake Fail | J5: invalid POD. No contact number show in the whatapps attachment | K5: Hartini
A6: 21/09/2026 10:02:48 | B6: TESMX1550062495809400832 | C6: 266782640335 | D6: 91841554 & 91848717 | E6: Southern | F6: GMR | G6: GMR - ID - HAMID & GMR - ID - NAJIHAH | H6: LM | I6: Fake Fail | J6: Driver manipulated POD, using same POD | K6: Syak
A7: 21/09/2026 09:53:46 | B7: TNGDV2609146889176270 | C7: 260932628324 | D7: 91829537 | E7: KV | F7: PCK | G7: PCK - ID - AFIQAH MADZLIN | H7: LM | I7: Deliver to Wrong Address | J7: the driver delivered the parcel to wrong address instead of customers address | K7: Naveen
A8: 21/09/2026 09:59:05 | B8: FAEYE1546375134655770624 | C8: 264842649115 | D8: 91845173 | E8: Northern | F8: BTS | G8: BTS - OPS - PINANG TUNGGAL | H8: LM | I8: Fake Fail | J8: Wrong customer phone number in the POD | K8: Daus
A9: 21/09/2026 09:59:52 | B9: NVMYSOUPE000000897 | C9: 260062621768 | D9: 91833029 | E9: Northern | F9: SPT | G9: SPT - ID - NORHAZANI | H9: LM | I9: Deliver to Wrong Address | J9: the driver delivered the parcel to wrong address instead of customers address | K9: Naveen
A10: 21/09/2026 10:21:55 | B10: TNGSB125896319766994000 | C10: 268122622312 | D10: 91835040 | E10: Southern | F10: LKN | G10: LKN - ID - OPS | H10: LM | I10: Fake Fail | J10: driver attach invalid pod and no call log attach | K10: zati
A11: 21/09/2026 10:26:41 | B11: NVMYTRADE014219299 | C11: 260932629751 | D11: 91827333 | E11: North West | F11: SAR | G11: SAR - OPS - ROUTE OPS | H11: LM | I11: Fake Fail | J11: driver attach wrong location | K11: zati
A12: 21/09/2026 10:33:58 | B12: NVMYNINJA002502078 | C12: 266882646042 | D12: 91827065 / 91844826 | E12: Southern | F12: LKN | G12: LKN - ID - SAIFUL / MUA - HR - SYUKRIAHEZAN | H12: LM | I12: Fake Fail | J12: POD not cust location | K12: Zakwan
... A499: 27/09/2026 14:29:24 | B499: NVMYNINJA002519165 | C499: 268172691043 | D499: 91894656 | E499: Southern | F499: KEM | G499: MTG - FM - Shazwan Saupi | H499: LM | I499: CMI (Can't Make It) | J499: No call and message provided | K499: Daus
